image_path,true_d10,true_d50,true_d90,pred_d10,pred_d50,pred_d90
dataset/renders/render_2658.png,3.3227048,7.9362435,12.609348,3.2798312,7.9220233,12.50399
dataset/renders/render_2436.png,1.6122594,6.048231,11.0788965,1.9081657,6.1857176,11.395886
dataset/renders/render_1438.png,3.6236086,8.739922,12.368352,3.714041,8.795563,12.379755
dataset/renders/render_0029.png,1.0986271,5.335789,10.435437,1.0910976,5.379076,10.358149
dataset/renders/render_3102.png,3.4886518,8.492729,13.220135,3.4639928,8.545243,13.22087
dataset/renders/render_1926.png,1.4817188,5.980207,11.067143,1.494711,6.022634,11.0791645
dataset/renders/render_1031.png,1.9553888,5.837419,10.37439,1.9838573,5.914447,10.338493
dataset/renders/render_2225.png,4.259433,8.92344,13.054718,4.268595,9.026899,13.062078
dataset/renders/render_0663.png,1.3307695,5.6015224,10.811578,1.4274831,5.6678205,10.896206
dataset/renders/render_3254.png,1.3973577,5.6326323,10.450559,1.381866,5.6546087,10.394745
dataset/renders/render_0775.png,2.1428819,6.845607,12.184682,2.1539183,6.9293227,12.186956
dataset/renders/render_4559.png,2.7052188,8.226203,13.413688,2.7130282,8.21864,13.395153
dataset/renders/render_4667.png,2.1155775,8.131694,13.370551,2.051967,8.069081,13.354256
dataset/renders/render_0481.png,1.9580953,6.255669,10.855751,1.6943356,6.1397285,11.122009
dataset/renders/render_3598.png,2.0520074,6.7991877,11.733891,2.0956764,6.8149524,11.776716
dataset/renders/render_0704.png,1.5997037,5.4937115,10.784279,1.5695525,5.444535,10.716989
dataset/renders/render_2461.png,2.979294,7.7135625,12.490638,3.0269697,8.129611,12.853201
dataset/renders/render_0654.png,2.2298183,6.8020144,11.49109,2.2606814,6.822335,11.475413
dataset/renders/render_3922.png,1.9098824,6.148503,10.933341,1.9565322,6.222405,11.0005045
dataset/renders/render_3213.png,2.3346188,6.862164,12.029291,2.3458593,6.8641458,11.99254
dataset/renders/render_3025.png,1.8785408,5.9421926,10.911726,1.9118532,5.9427457,10.850153
dataset/renders/render_1312.png,1.2494823,4.952083,9.415993,1.1920753,4.920318,9.292457
dataset/renders/render_3392.png,1.9855535,5.9674773,11.6015625,1.975506,6.0236583,11.564068
dataset/renders/render_4275.png,1.9493692,7.8450317,13.057283,1.9536061,7.8661866,13.049189
dataset/renders/render_1062.png,2.2359684,7.089985,11.879311,2.2733328,7.0750127,11.8499565
dataset/renders/render_1932.png,2.3850415,8.092602,12.571556,2.4183204,8.086272,12.526018
dataset/renders/render_0930.png,2.0476027,5.7377963,11.048146,2.0380719,5.782474,11.101795
dataset/renders/render_4413.png,2.1819963,8.682294,13.527894,2.2050006,8.650958,13.513221
dataset/renders/render_0167.png,2.6061997,7.7696824,11.89163,2.6615512,7.8377023,11.865364
dataset/renders/render_0009.png,2.4464386,7.054828,11.463708,2.4338448,7.048078,11.416993
dataset/renders/render_1127.png,4.2272067,8.554964,12.648402,4.263005,8.650208,12.572255
dataset/renders/render_0406.png,3.8005295,8.347628,12.4845705,3.833584,8.419817,12.51836
dataset/renders/render_3425.png,2.133566,7.1677294,12.213528,2.1741164,7.179665,12.197416
dataset/renders/render_2588.png,3.7982304,9.026228,13.56673,3.843988,9.160789,13.495935
dataset/renders/render_4142.png,3.1516585,9.391489,13.723681,3.2685735,9.362815,13.765273
dataset/renders/render_1213.png,1.3137488,5.595149,10.477267,1.2908179,5.57239,10.426953
dataset/renders/render_0734.png,1.9693425,6.3942356,11.054651,1.9575728,6.3561525,11.013737
dataset/renders/render_3360.png,1.7103775,5.83477,10.97107,1.6896998,5.861444,10.931246
dataset/renders/render_3741.png,3.4047916,8.06729,13.10295,3.4613671,8.132974,13.109106
dataset/renders/render_2301.png,2.039228,6.585733,11.646246,1.9860748,6.5680985,11.639224
dataset/renders/render_1484.png,1.8242112,5.6176915,10.69545,1.8383827,5.618329,10.708723
dataset/renders/render_0658.png,3.165129,8.647682,12.665681,3.124551,8.660638,12.601596
dataset/renders/render_3750.png,2.6635401,7.219636,12.168737,2.7044523,7.2913785,12.221144
dataset/renders/render_2693.png,2.0910738,6.882672,11.872676,2.286033,7.224252,12.3765335
dataset/renders/render_2356.png,2.9670944,7.63001,12.447012,3.0021646,7.705218,12.453985
dataset/renders/render_1271.png,3.2013903,7.9473705,12.229046,3.2385237,7.9766407,12.156396
dataset/renders/render_3620.png,1.7185837,6.1238747,11.338577,1.723513,6.187053,11.299583
dataset/renders/render_3848.png,1.7263966,5.8057976,10.653591,1.6751783,5.790156,10.599536
dataset/renders/render_2515.png,1.1687509,5.2120986,10.474255,1.2424968,5.193305,10.434343
dataset/renders/render_3381.png,4.3244343,8.983665,13.18223,4.413179,9.057887,13.161158
dataset/renders/render_3664.png,1.6325741,5.900908,10.984186,1.6310062,5.9651093,11.013693
dataset/renders/render_1384.png,3.5046263,8.541155,12.574376,3.4829664,8.576757,12.539326
dataset/renders/render_0221.png,3.2861857,7.814843,12.419511,3.313537,7.804459,12.390792
dataset/renders/render_0035.png,1.1806135,5.472094,10.74331,1.2307512,5.492873,10.743421
dataset/renders/render_1615.png,2.9855576,8.175243,12.44791,2.9935012,8.177364,12.40587
dataset/renders/render_4062.png,2.5046642,6.831281,11.34,2.3804681,6.822372,11.819538
dataset/renders/render_1475.png,2.3404274,6.7105756,11.35535,2.2410536,6.784104,11.140425
dataset/renders/render_0944.png,1.5830799,5.3189635,11.43107,1.6121749,5.4946256,10.47276
dataset/renders/render_4223.png,2.8855073,8.345623,13.392814,2.9498217,8.387872,13.390259
dataset/renders/render_0019.png,1.6693395,6.3884683,10.516953,1.7046046,6.4165487,10.493526
dataset/renders/render_4092.png,2.4386168,7.4993677,12.374078,2.4965727,7.4949737,12.319665
dataset/renders/render_2020.png,2.3584585,7.1430273,12.488141,2.4057791,7.1864185,12.526572
dataset/renders/render_4198.png,2.552135,7.999531,13.347368,2.6108868,8.063696,13.317383
dataset/renders/render_4157.png,2.242652,7.9297867,13.414197,2.7386808,8.24308,13.219765
dataset/renders/render_1478.png,3.12943,7.7669597,12.098007,3.229614,7.7559896,12.061878
dataset/renders/render_2484.png,4.400539,9.572081,13.500418,4.3022504,9.744475,13.608751
dataset/renders/render_3043.png,3.4496648,8.705827,13.442568,3.2635567,8.559806,13.071484
dataset/renders/render_3927.png,2.7621202,7.446822,12.726153,2.788069,7.4605026,12.654651
dataset/renders/render_1215.png,3.591257,8.6488495,12.661313,3.597946,8.708852,12.622899
dataset/renders/render_0077.png,1.755191,5.227272,9.837821,1.7230904,5.292079,9.867724
dataset/renders/render_3680.png,1.9712787,6.3829756,11.109544,1.9994385,6.362216,11.126321
dataset/renders/render_0165.png,1.9399928,6.390343,11.145236,1.950287,6.3793645,11.070188
dataset/renders/render_1072.png,3.0409784,7.397226,12.055638,3.0797808,7.458861,12.018578
dataset/renders/render_3225.png,1.4157943,5.5352087,10.721338,1.465991,5.5412183,10.7932625
dataset/renders/render_3484.png,3.5939925,9.032847,13.302984,3.5486648,9.014014,13.327444
dataset/renders/render_2331.png,1.4915582,5.5032372,10.739262,1.5717063,5.6190095,10.759233
dataset/renders/render_0065.png,3.3018477,8.439312,12.7326,3.2672622,8.395654,12.719689
dataset/renders/render_2594.png,3.7448008,8.5714445,13.080448,3.6328948,8.724869,13.130692
dataset/renders/render_1471.png,1.4391111,6.5481935,11.378246,1.4764296,6.676162,11.323084
dataset/renders/render_3674.png,4.22596,9.284068,13.316511,4.2615914,9.299645,13.383917
dataset/renders/render_1919.png,1.6745926,6.325088,10.488215,1.7144228,6.306869,10.471083
dataset/renders/render_1102.png,1.6650059,6.3206935,10.816577,1.6693535,6.374675,10.762625
dataset/renders/render_1034.png,1.377452,5.5828424,10.526006,1.3829459,5.5336356,10.437016
dataset/renders/render_4155.png,2.0192385,7.5226226,13.251545,1.9851758,7.600728,13.248602
dataset/renders/render_2905.png,1.4616367,5.769894,10.820737,1.8057423,5.973131,11.182074
dataset/renders/render_1377.png,1.4635139,6.0294657,10.472778,1.7522784,5.8290067,10.471973
dataset/renders/render_1399.png,3.247392,7.6168766,12.100195,2.8024855,7.647546,11.851906
dataset/renders/render_2032.png,3.5238307,8.341717,12.886373,3.640399,8.395389,12.86027
dataset/renders/render_4536.png,2.53258,7.9817033,13.416482,2.584819,8.100089,13.399715
dataset/renders/render_3268.png,2.1882613,7.1832952,11.825256,2.203512,7.159221,11.83766
dataset/renders/render_0069.png,3.8857517,8.649369,12.5081835,3.931055,8.677371,12.562989
dataset/renders/render_4144.png,3.337261,9.648941,13.796861,3.3223188,9.651823,13.807165
dataset/renders/render_3560.png,3.807478,8.542788,13.393305,3.482533,8.837895,13.192148
dataset/renders/render_1802.png,1.9317701,6.1628947,11.186084,2.053065,6.2097855,11.172398
dataset/renders/render_2127.png,1.8153887,6.2101874,11.317423,1.9506272,6.214954,11.035654
dataset/renders/render_1557.png,3.5953627,8.019403,12.342236,3.6266208,8.007368,12.383473
dataset/renders/render_3849.png,1.8870543,5.7672343,10.757664,1.8860593,5.7642207,10.726103
dataset/renders/render_0242.png,3.9946525,8.885839,12.691255,3.933165,8.722802,12.728394
dataset/renders/render_3380.png,3.0105383,7.689851,12.750413,2.8372152,7.866551,12.578768
dataset/renders/render_3279.png,2.3095655,7.347662,12.29073,2.343085,7.331405,12.262705
dataset/renders/render_0262.png,3.0303977,7.8002067,11.593765,3.0926335,7.889569,11.545858
dataset/renders/render_0741.png,1.7613285,6.381478,11.16203,1.7557191,6.368737,11.148936
dataset/renders/render_4377.png,3.1977658,9.4783,14.061211,3.3154957,9.229484,13.825451
dataset/renders/render_4630.png,2.388219,8.640918,13.631312,2.4001086,8.594723,13.569283
dataset/renders/render_2923.png,3.8097808,8.555026,12.728972,3.8658576,8.551247,12.679268
dataset/renders/render_3395.png,1.9264798,6.2737184,10.8967285,1.9414588,6.322977,10.858492
dataset/renders/render_2178.png,3.4290152,8.735187,13.314944,3.4792259,8.74211,13.330904
dataset/renders/render_2851.png,2.7184234,8.096988,12.5339985,2.7553017,8.095634,12.543663
dataset/renders/render_1708.png,1.5752716,5.48673,10.085839,1.5125217,5.4061074,10.314955
dataset/renders/render_3995.png,1.5856404,5.395268,10.240927,1.5572065,5.4411716,10.174866
dataset/renders/render_3537.png,3.3299909,8.891441,13.11742,3.3411279,8.882834,13.128079
dataset/renders/render_2639.png,3.8259232,8.367452,12.680326,3.1235998,7.996178,12.660879
dataset/renders/render_0008.png,1.7279025,5.4568415,10.750239,1.787299,5.828477,11.000938
dataset/renders/render_0155.png,1.8854284,6.363938,11.009543,1.8752476,6.4039655,11.080772
dataset/renders/render_3822.png,3.5142772,8.482223,12.855937,3.556309,8.492276,12.884066
dataset/renders/render_2051.png,1.7380323,6.42702,11.55976,1.7866722,6.4357405,11.597112
dataset/renders/render_2579.png,4.016554,9.076023,13.243678,3.9225175,9.056323,13.282512
dataset/renders/render_3365.png,2.9181352,7.763105,12.717787,2.9635704,7.8006287,12.69816
dataset/renders/render_2550.png,2.409592,6.8210464,11.549052,2.472213,6.845631,11.579606
dataset/renders/render_1121.png,1.7076687,5.5863743,10.048248,1.8038299,5.614909,9.985232
dataset/renders/render_1261.png,1.7639277,6.5072274,11.5588455,1.8904539,6.4335275,11.341847
dataset/renders/render_2062.png,1.7595749,6.4455023,11.924789,1.8014194,6.4613514,11.869412
dataset/renders/render_1344.png,3.3608077,7.704907,12.013376,3.3934224,7.785939,12.031227
dataset/renders/render_4253.png,3.0739076,9.204958,13.84332,3.0340998,9.220975,13.845913
dataset/renders/render_0045.png,4.889042,9.520459,13.004831,4.9470873,9.537268,12.928648
dataset/renders/render_0195.png,1.9078717,5.752745,10.344093,1.9983983,5.788991,10.318014
dataset/renders/render_3437.png,4.145909,9.168056,13.306614,3.7103968,8.993191,13.249254
dataset/renders/render_0499.png,2.0079708,6.483327,11.876171,2.1735613,6.352362,11.033434
dataset/renders/render_0982.png,1.6575304,6.009115,10.661157,1.7582072,5.97874,10.719701
dataset/renders/render_3833.png,2.1450756,6.240745,11.190853,2.1679213,6.238816,11.170029
dataset/renders/render_2872.png,3.859856,9.092794,13.54985,3.648058,9.105228,13.261261
dataset/renders/render_1473.png,2.1365428,6.849603,11.528363,2.1610987,6.842517,11.472458
dataset/renders/render_2792.png,3.9088738,8.99525,13.709458,3.9666314,9.057573,13.607889
dataset/renders/render_2406.png,1.5549577,5.8340898,11.262706,1.5771445,5.853376,11.258805
dataset/renders/render_2549.png,2.358137,7.2080173,12.362768,2.3949552,7.1892724,12.305362
dataset/renders/render_3300.png,4.6776376,9.408144,13.503016,4.7042613,9.49785,13.483167
dataset/renders/render_0908.png,3.6571107,8.465226,12.528497,3.1000333,8.038602,12.468574
dataset/renders/render_1247.png,3.069715,7.4774575,11.555188,3.0868723,7.5513134,11.598413
dataset/renders/render_0530.png,2.9377189,7.944751,11.8183,2.8892033,7.9630327,11.795019
dataset/renders/render_3326.png,2.3841238,7.206095,12.508117,2.3799884,7.317845,12.660258
dataset/renders/render_0154.png,1.0983902,5.0491934,10.547412,1.0295624,5.0367026,10.469783
dataset/renders/render_2899.png,3.3999727,8.863923,13.224481,3.445884,8.93851,13.17901
dataset/renders/render_2030.png,2.91451,8.353434,13.100265,3.5532024,8.489657,12.917497
dataset/renders/render_1581.png,1.4387803,5.7083626,10.640537,1.3918105,5.744187,10.58214
dataset/renders/render_1779.png,1.622596,6.136906,11.109667,1.6222287,6.155895,11.123581
dataset/renders/render_1272.png,1.8389761,6.440607,11.732418,1.9483324,6.9043636,11.666853
dataset/renders/render_0455.png,1.8792082,6.5435715,11.059638,1.9483966,6.5878897,11.007969
dataset/renders/render_3418.png,3.6112504,8.660062,13.140941,3.644079,8.690841,13.131084
dataset/renders/render_0792.png,3.8455744,8.875343,12.724366,3.9085195,8.950333,12.684513
dataset/renders/render_2757.png,3.1703792,8.153414,12.865086,3.2175071,8.149285,12.824974
dataset/renders/render_2952.png,4.1531854,8.957622,13.333402,4.147818,9.01296,13.317448
dataset/renders/render_3174.png,2.260346,6.8848605,12.007418,2.2931736,6.9195685,11.998926
dataset/renders/render_2148.png,3.11276,8.222582,12.818063,3.1328914,8.289513,12.834286
dataset/renders/render_0873.png,2.9966471,7.9236097,11.602587,3.0358932,7.9245534,11.651234
dataset/renders/render_4312.png,2.2382932,8.11269,13.569302,2.2661753,8.068698,13.531993
dataset/renders/render_0278.png,1.6602757,6.1938834,11.360189,1.6663237,6.227745,11.32144
dataset/renders/render_3378.png,1.8238424,6.4667864,11.468361,1.7726144,6.546616,11.437775
dataset/renders/render_0151.png,2.4721124,7.800792,12.253752,2.47662,7.808453,12.171325
dataset/renders/render_3973.png,1.6643666,5.7289705,11.492641,1.6573876,5.7696776,11.508889
dataset/renders/render_0580.png,2.5497086,6.9530888,11.934645,2.272398,7.0271425,11.729364
dataset/renders/render_1273.png,1.4297416,5.3512797,10.349242,1.4804959,5.3801975,10.252226
dataset/renders/render_2685.png,3.1611943,7.814026,12.982815,3.143666,7.880546,12.935469
dataset/renders/render_0210.png,3.1562407,8.6529045,12.585086,3.2065346,8.684494,12.56909
dataset/renders/render_3006.png,1.4599805,6.030816,11.178786,1.5173331,6.049752,11.193291
dataset/renders/render_3897.png,2.672791,7.237302,12.502465,2.166713,7.116322,12.12378
dataset/renders/render_3821.png,2.7515774,7.6026516,12.533786,2.7953093,7.6362634,12.486071
dataset/renders/render_1171.png,3.7826073,8.411666,12.307611,3.8248045,8.444479,12.310849
dataset/renders/render_3713.png,1.730435,6.164617,10.771481,1.7891799,6.1220603,10.756942
dataset/renders/render_1038.png,2.0431757,5.6281886,11.005269,2.11318,5.62147,10.979528
dataset/renders/render_0189.png,1.1535716,4.9805665,9.517476,1.1993343,4.880417,9.487008
dataset/renders/render_3076.png,1.9464527,6.693211,11.731224,1.9795521,6.7122245,11.700991
dataset/renders/render_3438.png,1.4585892,6.0199785,11.398199,1.4820436,6.1549525,11.449113
dataset/renders/render_1938.png,3.742673,8.281718,12.2888365,3.7146566,8.264897,12.228349
dataset/renders/render_4594.png,2.446305,8.412969,13.535497,2.4609838,8.533678,13.543137
dataset/renders/render_3608.png,3.835366,9.223451,13.396202,3.8578901,9.2418375,13.414398
dataset/renders/render_4048.png,3.2158945,8.055374,12.746135,3.297191,8.034009,12.69718
dataset/renders/render_0567.png,2.1524642,6.2224116,10.402445,1.8727175,6.0836043,10.43679
dataset/renders/render_0745.png,1.5924895,4.9279404,9.765533,1.5871358,4.946049,9.772031
dataset/renders/render_4550.png,2.6187553,8.526673,13.668096,2.6202457,8.5630665,13.628517
dataset/renders/render_3868.png,3.7965584,9.16313,13.467629,3.819433,9.137448,13.42986
dataset/renders/render_4000.png,3.5907564,9.130696,13.5655775,3.646038,9.074617,13.59311
dataset/renders/render_3104.png,2.0701938,7.012557,11.780512,2.0569458,7.031105,11.779625
dataset/renders/render_4442.png,1.8631933,7.693707,13.563293,1.8820177,7.7246923,13.553985
dataset/renders/render_2556.png,1.4536645,5.8145256,11.285689,1.4256841,5.8930755,11.197752
dataset/renders/render_0902.png,1.0292192,5.415507,10.310632,1.0829536,5.4399266,10.274811
dataset/renders/render_3060.png,2.8565009,7.507461,12.218897,2.8756547,7.532565,12.213957
dataset/renders/render_4287.png,2.9539483,8.811506,13.488434,2.9646227,8.852243,13.500152
dataset/renders/render_4100.png,2.6468308,8.350247,12.97944,2.7003837,8.30182,12.9552145
dataset/renders/render_1909.png,1.8594608,5.5880947,11.228887,1.8490717,5.609222,11.176246
dataset/renders/render_2947.png,1.640748,5.9519434,11.207972,1.571957,5.9854426,11.186225
dataset/renders/render_3879.png,1.7890035,6.262174,11.144851,1.8017719,6.271819,11.102278
dataset/renders/render_1551.png,1.1130558,4.8428173,9.456803,1.1290516,4.889378,9.480944
dataset/renders/render_2272.png,3.4690647,9.062929,13.420179,3.5078998,9.101075,13.42113
dataset/renders/render_1305.png,3.655362,8.404055,12.307075,3.688218,8.482446,12.275532
dataset/renders/render_1867.png,1.704478,5.94424,10.998043,1.7219633,5.991446,11.026684
dataset/renders/render_2422.png,3.2274446,8.180896,12.577449,3.267337,8.2198305,12.635615
dataset/renders/render_3046.png,2.4295902,7.544359,12.280604,2.4464695,7.589041,12.313182
dataset/renders/render_3873.png,1.8807547,5.8138113,10.902603,1.9231188,5.834823,10.847108
dataset/renders/render_0011.png,2.6526191,7.358366,11.636752,2.6997988,7.3353615,11.620596
dataset/renders/render_1262.png,4.10934,8.742017,12.460687,4.0926166,8.780193,12.416811
dataset/renders/render_0932.png,3.605849,9.032534,12.821687,3.6396344,8.475134,12.530448
dataset/renders/render_0768.png,2.4064097,7.4176955,11.95974,2.4958131,7.477537,11.998861
dataset/renders/render_1864.png,3.1411932,8.047501,12.386053,3.1878862,8.049012,12.374169
dataset/renders/render_1285.png,1.2289398,5.6495595,10.0643,1.3013778,5.661646,10.101971
dataset/renders/render_2919.png,2.935834,7.5428257,12.497461,2.8620498,8.049196,12.642109
dataset/renders/render_1650.png,3.5301225,8.484829,12.313538,3.5343628,8.457905,12.238155
dataset/renders/render_3819.png,1.3861537,5.540941,10.36922,1.500893,5.5180287,10.376816
dataset/renders/render_1358.png,3.5057626,8.201201,12.456551,3.5467165,8.16467,12.436259
dataset/renders/render_0625.png,1.4648194,5.763286,10.775545,1.4709617,5.775724,10.729887
dataset/renders/render_2955.png,1.9198015,6.530376,11.677681,1.9155208,6.5509048,11.7121315
dataset/renders/render_3246.png,1.3346379,5.3355045,10.631022,1.3408548,5.4342628,10.638567
dataset/renders/render_3730.png,1.9136202,6.428067,11.783056,2.0837758,6.684059,11.848888
dataset/renders/render_1023.png,1.9133314,5.639604,10.65714,1.8059759,5.5804553,10.569986
dataset/renders/render_2520.png,2.8989613,7.972675,12.836278,2.9065366,7.984266,12.806392
dataset/renders/render_0843.png,3.6952236,8.734219,12.435274,3.7626922,8.748684,12.404478
dataset/renders/render_3165.png,2.1426744,6.763307,11.369997,2.180192,6.76362,11.340986
dataset/renders/render_2468.png,1.6882017,5.7514095,10.547278,1.5419462,5.4617295,10.508657
dataset/renders/render_0852.png,1.6454145,6.025155,11.154559,1.6435093,6.0843825,11.178995
dataset/renders/render_0093.png,1.8465023,5.1391325,10.053494,1.4055282,5.0999155,9.964624
dataset/renders/render_3297.png,4.1177554,9.194396,13.38277,4.189182,9.14993,13.302447
dataset/renders/render_3403.png,3.3244321,8.249122,13.03455,3.3652687,8.274878,13.006492
dataset/renders/render_0911.png,3.8669147,9.010772,12.643984,3.8795285,9.051936,12.686716
dataset/renders/render_0026.png,1.4833324,5.7469406,10.845932,1.5462157,5.798127,10.777792
dataset/renders/render_2300.png,2.8407936,7.8802643,12.906745,2.84836,7.783111,12.83897
dataset/renders/render_3892.png,1.449547,4.911924,9.967676,1.4152523,4.9932017,9.945324
dataset/renders/render_0294.png,4.3153663,8.988458,12.491439,4.375917,9.010034,12.471644
dataset/renders/render_0339.png,1.9465923,7.4795375,11.899157,1.8987653,7.4900956,11.876816
dataset/renders/render_3874.png,3.0252545,8.092485,12.704605,3.0526621,8.112936,12.696665
dataset/renders/render_1788.png,1.3821056,5.200865,9.952728,1.3317236,5.2028117,9.89139
dataset/renders/render_1649.png,2.623647,7.835592,11.80943,2.6778648,7.817413,11.733707
dataset/renders/render_3607.png,1.1428952,4.7158594,9.463644,1.1772844,4.7346263,9.454025
dataset/renders/render_2783.png,1.409283,5.5081434,10.3291,1.3855544,5.4418473,10.310488
dataset/renders/render_1231.png,2.3783383,7.175007,11.818473,2.3898935,7.182406,11.754044
dataset/renders/render_1356.png,3.677731,8.331976,12.796909,3.7083642,8.385549,12.781248
dataset/renders/render_0299.png,2.5532074,7.5686374,12.242161,2.8041062,7.4521756,12.013834
dataset/renders/render_0710.png,1.4729964,5.102363,10.279764,1.3100733,5.0676737,9.771628
dataset/renders/render_0802.png,2.4320972,7.0765386,12.369324,2.5570047,7.3381314,11.733181
dataset/renders/render_4470.png,3.553062,9.149066,13.649688,3.5512106,9.179437,13.709103
dataset/renders/render_2433.png,2.3237898,6.4226613,11.298586,2.3839834,6.390411,11.323919
dataset/renders/render_4417.png,2.6039767,8.082579,13.008436,2.6433752,8.12544,13.049812
dataset/renders/render_3253.png,2.9080694,8.162312,13.1519985,2.9381168,8.168467,13.150024
dataset/renders/render_2909.png,1.4159694,5.278871,9.942793,1.6549383,5.3207536,9.882951
dataset/renders/render_1584.png,2.5237663,7.638447,12.170534,2.5087335,7.7606664,12.150248
dataset/renders/render_4655.png,2.3207903,7.8562827,13.257414,2.64295,7.828739,12.782604
dataset/renders/render_0680.png,2.1515698,7.277096,11.84289,2.2090614,7.3139853,11.773552
dataset/renders/render_1896.png,1.9159551,6.258432,10.812762,1.9267716,6.3414607,10.830574
dataset/renders/render_4139.png,2.655626,9.01524,13.831513,2.6651325,9.062303,13.818087
dataset/renders/render_0191.png,3.345154,7.769724,12.343711,3.4065487,7.860317,12.317102
dataset/renders/render_1300.png,1.3667686,5.4191465,10.390243,1.44807,5.4196386,10.390627
dataset/renders/render_2306.png,2.0728924,6.6374874,11.737026,2.1237967,6.6468377,11.71854
dataset/renders/render_3053.png,1.8357208,6.450435,11.800271,1.8756667,6.438887,11.765175
dataset/renders/render_0987.png,2.5122943,7.0626287,11.87746,2.3005984,7.2108407,12.071444
dataset/renders/render_1334.png,2.672831,7.5156164,11.587678,2.7817543,7.4816217,11.504879
dataset/renders/render_0671.png,0.85913855,5.2629423,10.328811,1.5251752,5.5054317,10.381652
dataset/renders/render_3185.png,4.6750813,9.531618,13.369522,4.7266345,9.485318,13.421402
dataset/renders/render_1283.png,2.1767483,7.5886745,11.985438,2.2480042,7.6473637,11.967985
dataset/renders/render_1021.png,2.4973214,7.6297507,12.279398,2.5225766,7.6594796,12.258886
dataset/renders/render_4240.png,2.5929635,8.742608,13.440719,2.5961921,8.702538,13.420693
dataset/renders/render_3072.png,3.4551144,8.240685,12.701474,2.963257,7.9911656,12.716597
dataset/renders/render_4040.png,2.0116193,6.077938,11.514325,1.6306814,6.2435584,11.580051
dataset/renders/render_2577.png,1.5559595,5.6570473,10.795753,1.5570663,5.6453166,10.774513
dataset/renders/render_0251.png,2.6909466,6.760974,12.156625,2.4811366,7.4299407,12.067474
dataset/renders/render_0793.png,1.8471937,6.317414,10.861688,1.8089504,6.2859707,10.769806
dataset/renders/render_3113.png,3.7753363,8.636382,13.123658,3.7971294,8.69724,13.132352
dataset/renders/render_2290.png,1.981637,6.573452,11.801187,2.237807,6.9844956,12.056215
dataset/renders/render_4549.png,2.916148,9.11847,13.863576,2.924186,9.035741,13.844776
dataset/renders/render_4282.png,2.4195108,8.456396,13.580727,2.4213502,8.42673,13.600586
dataset/renders/render_0064.png,1.6839961,6.0880485,10.484392,1.6467136,6.024423,10.406328
dataset/renders/render_3090.png,3.8623304,8.973604,13.306755,3.883038,8.999494,13.279846
dataset/renders/render_3140.png,3.5208418,8.487884,13.118937,3.494345,8.546348,13.058586
dataset/renders/render_0631.png,2.53936,6.733662,11.415984,2.6044424,6.80607,11.439598
dataset/renders/render_4611.png,2.6593795,8.832047,13.490082,2.6692445,8.729127,13.483042
dataset/renders/render_1512.png,2.1154249,6.5591893,11.504581,2.215953,6.657349,11.597013
dataset/renders/render_3344.png,4.2756147,9.153326,13.507981,4.270324,9.178304,13.472785
dataset/renders/render_0025.png,2.975785,7.901262,12.207142,2.9768434,7.9055123,12.148289
dataset/renders/render_2360.png,2.7930284,7.756619,12.371823,2.6124234,7.350574,12.1335745
dataset/renders/render_2626.png,3.761892,8.934416,13.266026,3.8191304,9.044084,13.282015
dataset/renders/render_3464.png,2.3678923,6.881172,11.51058,2.4151447,6.9262176,11.59923
dataset/renders/render_2578.png,1.3525438,5.7796216,10.661234,1.4268118,5.7499547,10.60355
dataset/renders/render_0949.png,2.093136,6.3853745,11.3757515,2.1180537,6.402015,11.36693
dataset/renders/render_3432.png,2.2666154,7.2090573,11.930656,2.2488186,7.175224,11.934874
dataset/renders/render_3209.png,1.5538361,5.5811,10.575586,1.616893,5.629359,10.520807
dataset/renders/render_4481.png,3.1248727,8.873808,13.755468,3.0518014,8.917018,13.743112
dataset/renders/render_1641.png,2.102907,6.1415696,10.659181,2.1187153,6.1956654,10.675949
dataset/renders/render_0280.png,1.5029026,6.1678996,10.571233,1.4887989,6.1324096,10.463505
dataset/renders/render_0407.png,1.5500191,5.4464817,10.404111,1.5016423,5.4675727,10.359375
dataset/renders/render_2439.png,3.735976,8.238437,12.868524,2.8255737,8.015022,12.789644
dataset/renders/render_3172.png,4.006403,8.90031,13.233606,4.0430684,9.000534,13.234948
dataset/renders/render_3649.png,2.5222838,7.7719197,12.572531,2.7696378,7.6222043,12.63295
dataset/renders/render_0376.png,4.1992826,8.804162,12.396417,4.1632476,8.772758,12.354692
dataset/renders/render_2787.png,3.26936,8.459794,12.685334,3.2536123,8.51569,12.721595
dataset/renders/render_2891.png,1.8420172,6.127535,10.6790495,1.902173,6.1656594,10.638825
dataset/renders/render_2580.png,3.1927571,7.8530164,12.512185,3.180899,7.7692614,12.466039
dataset/renders/render_3204.png,2.541046,7.606408,12.796353,2.562139,7.611164,12.787964
dataset/renders/render_4365.png,2.6359158,8.7645855,13.620337,3.1782334,8.832999,13.575948
dataset/renders/render_4607.png,2.8487914,8.269386,13.571684,2.8461099,8.37526,13.57582
dataset/renders/render_2815.png,3.4346135,8.183135,12.569166,3.500514,8.216465,12.616204
dataset/renders/render_2375.png,2.0637615,6.7844954,11.886793,2.2737422,7.0366354,11.8892975
dataset/renders/render_0463.png,2.5106084,6.9250736,11.302395,2.5496852,6.9515796,11.280305
dataset/renders/render_4558.png,3.532145,9.58344,13.87717,3.5802832,9.569195,13.777323
dataset/renders/render_0263.png,1.6851051,5.1294518,10.155601,1.6395909,5.4932942,10.072863
dataset/renders/render_4187.png,3.845008,9.594464,13.898745,2.9730942,9.361249,13.796501
dataset/renders/render_4098.png,3.4783673,9.17101,13.708935,3.4323542,9.199702,13.717228
dataset/renders/render_3215.png,1.836319,6.1118646,11.307288,1.671942,5.8596177,11.095688
dataset/renders/render_0764.png,2.66935,7.989179,12.625662,2.8992906,7.8983517,12.300724
dataset/renders/render_1298.png,4.193491,8.661187,12.626677,4.207268,8.694146,12.658726
dataset/renders/render_2083.png,1.3453159,5.288625,10.361682,1.4048003,5.3237314,10.334128
dataset/renders/render_1659.png,2.2194917,6.8398805,11.755754,2.221339,6.84919,11.728359
dataset/renders/render_3767.png,2.0821023,6.1428843,10.843124,2.134811,6.121139,10.852295
dataset/renders/render_0595.png,3.0777354,7.7043324,11.961992,3.0460765,7.704407,11.896195
dataset/renders/render_2012.png,2.1591127,6.2687936,11.238948,2.1514356,6.2651944,11.185421
dataset/renders/render_3424.png,1.641778,5.851188,11.371727,1.6730223,5.9194202,11.35169
dataset/renders/render_3512.png,3.2804246,8.766972,13.378254,3.2377455,8.698513,13.410541
dataset/renders/render_3559.png,4.2144265,8.859255,12.938836,4.2786427,8.872605,12.967987
dataset/renders/render_0577.png,2.2521825,7.0104856,11.666938,2.1355324,6.6155515,11.484374
dataset/renders/render_4049.png,1.6532246,6.201288,11.07587,1.6924514,6.2115455,11.059014
dataset/renders/render_0307.png,4.5608835,8.435418,11.823326,4.616366,8.519233,11.813935
dataset/renders/render_0197.png,2.4822006,7.282658,11.690689,2.5371702,7.2818627,11.692103
dataset/renders/render_1554.png,2.4116776,7.3417,11.794654,2.456804,7.3124948,11.662163
dataset/renders/render_2670.png,1.3215766,5.267118,10.119669,1.355894,5.30823,10.104108
dataset/renders/render_3089.png,2.5310345,6.840226,11.2936735,2.5116029,6.8814588,11.241596
dataset/renders/render_2597.png,2.0615768,7.095568,12.410676,2.0607529,7.0854526,12.359535
dataset/renders/render_1991.png,2.2244604,7.059107,12.492378,2.282544,7.053804,12.466274
dataset/renders/render_0032.png,2.90454,8.26464,12.547207,2.8064287,8.190566,12.510154
dataset/renders/render_4487.png,2.906281,8.916297,13.746746,2.932084,9.035113,13.654324
dataset/renders/render_2058.png,1.8660046,6.610941,12.028514,1.8628064,6.590821,11.978851
dataset/renders/render_1313.png,4.5902047,9.045576,12.887644,4.628844,9.076514,12.862677
dataset/renders/render_2209.png,2.257172,6.884718,11.78887,2.2268686,6.871312,11.81105
dataset/renders/render_1644.png,4.0049024,9.296702,12.686904,3.7826583,9.039981,12.421668
dataset/renders/render_2640.png,1.5967993,5.593179,10.934808,1.5705439,5.6460547,10.939785
dataset/renders/render_3955.png,3.1143882,7.801147,12.615606,3.157386,7.8516154,12.6537285
dataset/renders/render_1310.png,2.0673616,6.2953687,10.934966,2.1328363,6.3503947,10.960223
dataset/renders/render_1250.png,2.018826,6.366126,11.152017,2.0685704,6.4050803,11.111521
dataset/renders/render_3177.png,1.538583,5.5605726,10.86387,1.5767998,5.6525536,10.901449
dataset/renders/render_2831.png,3.3230484,8.693685,13.051517,3.3406641,8.698841,13.041137
dataset/renders/render_3967.png,3.5959933,8.953886,13.243476,3.6774714,8.96013,13.28184
dataset/renders/render_4172.png,3.5045161,9.455253,13.517768,3.53064,9.481208,13.544153
dataset/renders/render_2664.png,1.6974089,5.689326,11.279927,1.6619378,5.7409263,11.253886
dataset/renders/render_0575.png,2.9473557,7.946592,12.3386,2.994119,7.9798994,12.315063
dataset/renders/render_2192.png,1.7660104,6.635017,11.696024,1.7819599,6.652758,11.732168
dataset/renders/render_3838.png,1.7266082,6.274434,11.319831,1.7380722,6.3000946,11.373648
dataset/renders/render_3141.png,1.7400048,5.5875425,11.265818,1.7448261,5.6098776,11.259493
dataset/renders/render_1780.png,3.3131003,8.076832,11.942083,3.3389149,8.178254,11.956678
dataset/renders/render_1434.png,1.443849,5.651425,10.691878,1.402156,5.6875577,10.68826
dataset/renders/render_1498.png,3.153578,7.8578186,11.849514,3.1449099,7.921526,11.829196
dataset/renders/render_0328.png,3.0782034,7.4415135,11.811432,3.308863,7.5519567,11.831055
dataset/renders/render_2750.png,2.2464223,7.0399017,12.283392,2.2873688,7.047978,12.262678
dataset/renders/render_1543.png,4.94245,9.427055,12.898293,4.9794974,9.410271,12.822754
dataset/renders/render_1432.png,1.1898719,5.1653666,10.615657,1.4166414,5.383307,10.567038
dataset/renders/render_1735.png,4.0013924,8.683975,12.700467,4.014784,8.709044,12.654865
dataset/renders/render_2561.png,3.1826875,8.329037,13.073619,3.1959145,8.399964,13.025745
dataset/renders/render_2738.png,2.370966,7.467711,12.32327,2.397143,7.4197307,12.267063
dataset/renders/render_3990.png,2.9490228,8.002949,12.720262,3.0283134,8.029722,12.672719
dataset/renders/render_4074.png,2.4522521,6.9490175,11.784787,2.4532797,7.0102615,11.853467
dataset/renders/render_3012.png,2.5344841,6.7237654,11.581444,2.5199053,6.7380624,11.529194
dataset/renders/render_0572.png,1.7812239,6.249122,11.30015,1.7365993,5.9176745,10.619516
dataset/renders/render_2363.png,1.8811511,6.122592,11.068511,1.920685,6.1373906,11.083652
dataset/renders/render_1874.png,2.3382144,7.593335,12.090778,2.7380865,7.438044,11.992849
dataset/renders/render_4580.png,2.4819071,8.397105,13.343404,2.8081577,8.443286,13.35694
dataset/renders/render_2880.png,2.5673952,7.7532816,12.85577,2.5289094,7.7799506,12.81244
dataset/renders/render_2410.png,2.6998944,7.659474,12.490382,2.743794,7.7483487,12.54056
dataset/renders/render_3597.png,1.7780362,5.9428253,11.519595,1.8266168,6.2451835,11.310314
dataset/renders/render_3613.png,2.3813174,7.3644776,12.256721,2.4165423,7.367338,12.213877
dataset/renders/render_2673.png,3.2758932,8.727198,13.368246,3.1605532,8.555203,13.261947
dataset/renders/render_0553.png,2.9802775,7.699325,12.2736025,3.0277894,7.770018,12.282724
dataset/renders/render_2402.png,1.5269176,5.6660748,11.088353,1.5379208,5.780296,11.159946
dataset/renders/render_0674.png,2.803846,7.6943746,11.959893,2.8168895,7.75069,11.870312
dataset/renders/render_3959.png,1.8992138,6.211838,11.467218,1.7451103,6.1140184,11.211403
dataset/renders/render_1544.png,3.3661406,8.9539385,12.866957,3.3648114,9.071431,12.903357
dataset/renders/render_1610.png,1.5560585,5.5449,10.660652,1.5761958,5.56525,10.699331
dataset/renders/render_4433.png,3.29011,9.520566,13.747284,3.2434149,9.439832,13.761339
dataset/renders/render_0640.png,3.3417253,7.9798374,12.478298,3.4059005,7.982488,12.457445
dataset/renders/render_1349.png,1.9905158,5.7521377,10.52975,2.0528011,5.8003078,10.585407
dataset/renders/render_1012.png,3.8918214,8.815758,12.301374,3.9845068,8.865446,12.233723
dataset/renders/render_3470.png,1.8994381,6.519698,12.019481,1.9542046,6.501329,11.971912
dataset/renders/render_1878.png,3.006893,7.8220034,12.1896305,3.0160797,7.8432364,12.121699
dataset/renders/render_2037.png,1.5513521,5.2935553,10.06148,1.5545541,5.3185883,10.015917
dataset/renders/render_1026.png,1.7101445,5.5214148,10.555647,1.8597733,5.9316406,10.685484
dataset/renders/render_1853.png,1.2536882,5.8500204,10.386037,1.3326838,5.8234606,10.348366
dataset/renders/render_0313.png,1.5326942,6.0888186,10.940613,2.1174262,6.575767,11.173752
dataset/renders/render_2338.png,1.1945803,5.068138,10.1483,1.2169627,5.054174,10.157722
dataset/renders/render_2055.png,2.5001397,7.4947963,12.587038,2.536669,7.5874033,12.6027565
dataset/renders/render_3385.png,2.0125191,6.3616476,11.569138,1.9637433,6.504748,11.424227
dataset/renders/render_2774.png,4.2932477,9.189143,13.465855,4.329484,9.299058,13.440205
dataset/renders/render_3330.png,3.9351435,9.04858,13.18172,4.036489,8.971504,13.113012
dataset/renders/render_4005.png,3.0822368,8.318746,12.894709,3.134157,8.375477,12.865404
dataset/renders/render_2248.png,1.5858915,6.1649847,11.312193,1.9263761,6.502272,11.747985
dataset/renders/render_3087.png,1.7539855,6.1688666,11.0869055,1.760879,6.206416,11.040814
dataset/renders/render_2954.png,3.8693066,8.75043,12.791225,3.8734307,8.745288,12.773354
dataset/renders/render_2683.png,1.6012863,5.804367,10.514446,1.654398,5.7952743,10.493884
dataset/renders/render_4088.png,1.5958234,5.7623506,10.939172,1.3933519,5.364945,10.551725
dataset/renders/render_2221.png,3.2873943,8.12379,12.697149,3.2967832,8.098392,12.634281
dataset/renders/render_3726.png,1.980848,6.867873,11.905433,2.7175643,7.208015,11.981145
dataset/renders/render_1519.png,1.8421409,6.130154,11.330688,1.8905913,6.363636,11.251093
dataset/renders/render_1920.png,3.4594464,7.7371435,12.384767,3.4636345,7.7107515,12.3918705
dataset/renders/render_4227.png,3.2297494,9.335384,13.824388,3.297352,9.310778,13.781958
dataset/renders/render_0653.png,2.0076191,6.0517707,10.686963,2.000351,6.138965,10.709307
dataset/renders/render_3285.png,1.4022046,5.7736897,10.04381,1.5168217,5.717296,10.053818
dataset/renders/render_0082.png,2.9844918,7.955927,12.471934,3.4243739,8.453563,12.526888
dataset/renders/render_2695.png,1.7443892,6.0528383,11.448079,1.8428559,6.144398,11.496388
dataset/renders/render_0591.png,4.3684745,9.25721,12.949497,3.7916536,9.089811,12.8512125
dataset/renders/render_1809.png,4.358551,9.460609,12.668664,4.3859324,9.435306,12.712407
dataset/renders/render_3521.png,1.847098,6.5544415,11.70093,1.8518014,6.5621305,11.692686
dataset/renders/render_1056.png,2.0589545,6.244281,11.003832,1.6659197,5.9215837,11.139942
dataset/renders/render_1884.png,1.7953995,5.8943295,11.050494,1.7761236,5.858522,11.016989
dataset/renders/render_4578.png,2.5970757,8.136173,13.215941,2.5368876,8.170997,13.156029
dataset/renders/render_4199.png,2.7603357,9.047599,13.749556,2.8084233,9.096629,13.745283
dataset/renders/render_0163.png,1.5911092,5.4187584,10.087794,1.659607,5.512344,10.11649
dataset/renders/render_3549.png,1.592752,5.667874,10.846293,1.6992279,5.944852,11.227022
dataset/renders/render_2725.png,2.373677,7.3723235,12.116289,2.4552338,7.4002843,12.188192
dataset/renders/render_1492.png,2.0592842,7.0464725,11.426359,2.0050704,7.0208573,11.364816
dataset/renders/render_1393.png,3.1125886,7.624025,11.890319,3.1968243,7.599826,11.876867
dataset/renders/render_0465.png,3.0632029,7.792748,12.297052,3.0277274,8.036331,12.261998
dataset/renders/render_1299.png,2.5014226,7.0120687,11.057954,2.496782,7.0306225,11.026093
dataset/renders/render_3893.png,1.9980178,6.369274,11.65937,1.9697602,6.3861113,11.681696
dataset/renders/render_2344.png,1.8243278,6.475374,11.19518,1.9310062,6.456691,11.192414
dataset/renders/render_2888.png,3.8438272,8.972402,13.377466,3.8228438,8.97997,13.287636
dataset/renders/render_4113.png,3.2201138,9.157053,13.842397,3.2509568,9.22055,13.838139
dataset/renders/render_2456.png,1.5213026,5.253336,9.888566,1.5343485,5.312902,9.914074
dataset/renders/render_0201.png,1.5003778,5.891713,10.802449,1.5083548,5.9166102,10.791783
dataset/renders/render_0550.png,3.8048682,8.327675,12.74713,3.8477452,8.348361,12.73662
dataset/renders/render_3705.png,1.739794,5.980656,11.455866,1.747579,6.0271325,11.46926
dataset/renders/render_4419.png,2.451531,8.181167,13.429266,2.4087148,8.281634,13.40432
dataset/renders/render_4052.png,2.051242,6.5051107,11.734143,2.1123636,6.5717034,11.746244
dataset/renders/render_3063.png,4.038498,8.678914,13.062293,4.045789,8.733642,13.031807
dataset/renders/render_1503.png,0.98540205,4.836216,10.251273,1.0312076,4.853271,10.228346
dataset/renders/render_3310.png,1.609738,5.7603617,10.982578,1.6294326,5.8610806,10.993456
dataset/renders/render_1134.png,3.9966183,8.823605,12.497083,4.067324,8.807225,12.457207
dataset/renders/render_0107.png,1.3701177,5.5432568,10.485792,1.312654,5.562506,10.445845
dataset/renders/render_3676.png,3.3926523,8.042669,12.609508,3.4385164,8.029801,12.610831
dataset/renders/render_2614.png,3.7945714,8.807564,13.294078,3.7859557,8.847587,13.24297
dataset/renders/render_4376.png,3.0448728,8.9960575,13.840858,3.0121949,9.037145,13.823617
dataset/renders/render_2270.png,3.4751594,8.8165045,13.304775,3.4524546,8.827397,13.168408
dataset/renders/render_3011.png,2.8074937,7.9581537,12.8393545,2.825111,7.936233,12.806917
dataset/renders/render_2780.png,3.1100159,7.8645573,12.672532,2.9096622,7.947572,13.081309
dataset/renders/render_4153.png,2.8934028,8.587989,13.440917,2.8590658,8.618522,13.4525795
dataset/renders/render_1527.png,1.6613233,6.2009397,12.121113,1.7719189,6.233418,12.125682
dataset/renders/render_2642.png,1.6970092,6.0145555,11.238128,1.7217517,6.187844,11.318887
dataset/renders/render_1976.png,3.001808,8.126903,12.350986,3.0301783,8.225611,12.341473
dataset/renders/render_3004.png,1.855966,6.3790083,11.5913105,1.885637,6.4068336,11.655084
dataset/renders/render_3341.png,1.4075413,5.8732524,11.059296,1.661204,6.328699,11.326218
dataset/renders/render_1961.png,1.3791635,5.3422313,9.758219,1.4052635,5.340136,9.678942
dataset/renders/render_0558.png,1.3248051,5.227386,9.964859,1.2651638,5.244452,9.895052
dataset/renders/render_4345.png,2.5270405,8.189763,13.254585,2.5527098,8.25281,13.22831
dataset/renders/render_0289.png,2.365884,6.8818307,11.850021,2.3773208,6.928323,11.827614
dataset/renders/render_3265.png,2.8460023,7.9303083,12.701056,2.8613534,7.876154,12.677507
dataset/renders/render_1477.png,1.3599846,5.3332353,10.061462,1.4200294,5.3823757,9.976315
dataset/renders/render_2245.png,1.6501523,5.7665873,11.208947,1.6598729,5.7329516,11.197387
dataset/renders/render_0258.png,4.0789275,8.8771715,12.476909,4.1328983,8.925031,12.443346
dataset/renders/render_4294.png,2.6337729,8.84045,13.48504,2.6615422,8.883638,13.4507265
dataset/renders/render_0537.png,2.1042504,6.986297,11.656607,1.9422174,6.3927474,11.434687
dataset/renders/render_1465.png,3.6400943,7.6559815,12.546503,3.661155,7.7052164,12.511536
dataset/renders/render_2100.png,2.011611,6.667465,11.713844,2.007154,6.699751,11.795167
dataset/renders/render_2713.png,1.3614743,5.025458,9.772534,1.2541404,4.9676824,9.604171
dataset/renders/render_1966.png,1.2266243,5.307398,9.746276,1.2479588,5.395682,9.743229
dataset/renders/render_4482.png,3.1568954,9.098924,13.544862,3.0396783,8.984971,13.685734
dataset/renders/render_1217.png,2.8443496,7.5602674,11.744689,2.8643472,7.5299582,11.728117
dataset/renders/render_4651.png,2.6412184,8.324929,13.255081,2.5995777,8.259853,13.228115
dataset/renders/render_3217.png,1.7357811,5.9662933,11.724316,1.671012,5.961225,11.6963415
dataset/renders/render_3548.png,1.7964786,6.468365,11.599041,1.7708324,6.4953837,11.553343
dataset/renders/render_1117.png,1.4218917,4.843624,10.135288,1.493736,4.816432,10.128757
dataset/renders/render_3605.png,2.3890898,6.9037995,11.685048,2.3962958,6.882482,11.670406
dataset/renders/render_4130.png,3.1335201,9.51777,13.818843,3.1788526,9.58718,13.81737
dataset/renders/render_2570.png,3.590979,9.019938,13.3244,3.6879113,9.09373,13.320789
dataset/renders/render_3529.png,1.7079655,6.0411453,10.89918,1.7032057,6.075621,10.854357
dataset/renders/render_3115.png,3.5561767,8.250595,12.765709,3.5765333,8.261996,12.773342
dataset/renders/render_4030.png,3.206152,8.466272,13.168235,3.2231898,8.571576,13.147682
dataset/renders/render_1337.png,3.9638412,9.038856,12.55138,4.067482,9.063476,12.556849
dataset/renders/render_0972.png,2.2272925,6.848688,11.903645,2.2390995,6.863849,11.928333
dataset/renders/render_4557.png,2.2493575,8.058503,13.131155,2.2353332,8.057364,13.127714
dataset/renders/render_4134.png,3.2115648,9.4465685,13.644063,3.1895292,9.528993,13.720062
dataset/renders/render_2106.png,4.414924,9.314836,13.6256895,4.431498,9.317,13.549713
dataset/renders/render_3486.png,2.907527,7.6739755,12.838523,2.9614415,7.7228227,12.797672
dataset/renders/render_4326.png,3.558305,9.573346,13.91125,3.62353,9.676268,13.885231
dataset/renders/render_1682.png,3.2586403,7.8616996,12.345278,3.2586935,7.9120383,12.258223
dataset/renders/render_3974.png,1.4274331,5.106794,9.877804,1.4346112,5.0984993,9.863557
dataset/renders/render_4398.png,3.0294592,8.964992,13.683906,3.004814,8.879605,13.684515
dataset/renders/render_3570.png,2.0969434,6.3903213,10.905276,2.170194,6.408076,10.854841
dataset/renders/render_1855.png,1.8593452,5.389293,9.915728,1.8456937,5.382925,9.876028
dataset/renders/render_4003.png,3.7185078,8.349739,13.063153,3.281748,8.280908,12.691914
dataset/renders/render_2478.png,1.4269265,5.418489,11.050414,1.4683673,5.4580874,11.074412
dataset/renders/render_4396.png,3.3698547,9.176276,13.516384,3.4554923,9.029473,13.541441
dataset/renders/render_2079.png,2.536504,7.028419,12.361263,2.5086963,6.985412,12.334986
dataset/renders/render_3187.png,1.5698862,5.543131,10.817179,1.5108753,5.733559,10.949514
dataset/renders/render_0338.png,2.3653195,6.527452,10.929134,2.4452353,6.5141463,10.916463
dataset/renders/render_4264.png,2.0865507,7.393456,13.540802,2.0230777,7.4126916,13.556744
dataset/renders/render_4432.png,3.3334084,9.3434725,13.584343,3.3773575,9.344608,13.550496
dataset/renders/render_1620.png,3.2140107,7.6157594,12.071885,3.2333462,7.5942035,12.0277815
dataset/renders/render_4337.png,2.7796175,8.868487,13.525896,3.3391602,9.084917,13.271746
dataset/renders/render_4540.png,2.3210447,7.7519937,13.022187,2.4024146,7.8287835,13.05517
dataset/renders/render_0039.png,3.143668,8.10694,13.0132475,3.2069745,8.17212,12.984641
dataset/renders/render_4645.png,2.0970738,7.967735,13.10578,2.118727,7.9880486,13.100712
dataset/renders/render_2979.png,1.8334777,5.887807,11.300808,1.8744725,5.900741,11.314995
dataset/renders/render_3094.png,2.3410504,6.9979978,11.519781,2.4418044,6.974875,11.474714
dataset/renders/render_3023.png,1.6868892,5.6221013,10.752078,1.6616167,5.582618,10.661409
dataset/renders/render_1601.png,2.54728,6.9699645,11.551255,2.639963,6.964029,11.558014
dataset/renders/render_2429.png,3.4673803,8.684929,12.967947,3.5061722,8.675541,13.050186
dataset/renders/render_4446.png,2.3452823,8.225127,13.433485,3.5269732,8.884515,13.393908
dataset/renders/render_4289.png,3.6241095,9.056387,13.876198,3.6081524,9.148715,13.771175
dataset/renders/render_2053.png,2.6615002,7.985846,12.910684,2.6877034,7.951965,12.891292
dataset/renders/render_3018.png,1.7521311,6.1101537,11.220337,1.77571,6.091528,11.182793
dataset/renders/render_4128.png,2.3007562,7.696026,13.143291,2.4710763,7.9055066,12.892939
dataset/renders/render_3663.png,3.0226054,7.8947616,12.445368,2.9894438,7.889574,12.390266
dataset/renders/render_0601.png,2.9433124,8.1949,12.1167755,3.0162196,8.223261,12.10951
dataset/renders/render_0209.png,1.6356151,5.3536882,11.086838,1.6367549,5.753251,10.404345
dataset/renders/render_0929.png,4.1813107,9.235508,12.974019,4.2344627,9.1444645,12.903679
dataset/renders/render_4563.png,2.9260468,9.271478,13.840046,2.9848614,9.285952,13.765308
dataset/renders/render_0001.png,3.2318087,7.2941637,12.247873,3.2554314,7.327488,12.230465
dataset/renders/render_0337.png,2.014814,6.629762,11.370996,2.008437,6.602601,11.295672
dataset/renders/render_2264.png,4.5439568,9.453203,13.40977,4.3064322,9.275704,13.356209
dataset/renders/render_1516.png,2.5282788,7.51346,12.035126,2.5283725,7.4887643,11.974159
dataset/renders/render_3223.png,1.8512524,6.387778,11.341387,1.8676277,6.4029746,11.319336
dataset/renders/render_0073.png,1.8133779,5.959352,10.686634,1.7380747,6.1957803,10.641765
dataset/renders/render_3794.png,1.5848608,5.502939,10.057713,1.5976886,5.533552,9.994492
dataset/renders/render_2283.png,3.1094415,8.115004,12.621921,3.1025245,8.080991,12.588426
dataset/renders/render_2625.png,3.5696704,9.314143,13.648419,3.6298041,9.297072,13.615887
dataset/renders/render_2480.png,2.9068995,8.234998,13.16246,2.948205,8.320622,13.124737
dataset/renders/render_0709.png,1.6197045,5.803069,10.949948,1.5997368,5.8123784,10.984936
dataset/renders/render_3119.png,1.4271137,5.1193585,10.241128,1.3682257,5.1615157,10.164735
dataset/renders/render_2365.png,3.870552,8.637428,13.040019,3.919564,8.730464,13.007282
dataset/renders/render_4489.png,2.7640538,8.535741,13.511148,2.7204196,8.511886,13.444431
dataset/renders/render_1068.png,3.0887647,7.746532,12.252004,3.1265352,7.836216,12.255161
dataset/renders/render_0270.png,3.3788035,8.397167,12.6649,3.394943,8.346498,12.653599
dataset/renders/render_1963.png,3.5202186,8.430718,12.470747,3.55909,8.4837885,12.436754
dataset/renders/render_1359.png,3.4959376,8.451806,12.72603,3.584994,8.451596,12.628924
dataset/renders/render_1852.png,2.8377295,8.018827,12.5256,2.8834536,8.04997,12.496724
dataset/renders/render_0667.png,2.533901,6.733114,11.561738,2.6420467,7.098577,11.524984
dataset/renders/render_1673.png,2.1301801,6.287412,11.135048,2.1590774,6.2767925,11.0445175
dataset/renders/render_3928.png,1.463431,5.7600336,10.7307205,1.8992592,5.8975825,10.859079
dataset/renders/render_0839.png,4.3013024,8.856731,12.793318,4.3235793,8.833095,12.843077
dataset/renders/render_4452.png,2.7207263,8.722275,13.69897,2.73256,8.762092,13.69127
dataset/renders/render_4654.png,3.7961674,9.411278,13.775477,3.7469149,9.445947,13.785872
dataset/renders/render_0635.png,1.3339045,5.145161,9.71121,1.3387228,5.1589255,9.690755
dataset/renders/render_1382.png,2.256296,6.1548533,11.195822,2.2362697,6.1319146,11.175169
dataset/renders/render_1964.png,2.6174576,6.537546,10.840992,2.6654723,6.6376166,10.89603
dataset/renders/render_1815.png,2.1664793,6.181579,11.196646,2.1638186,6.2261205,11.168698
dataset/renders/render_0474.png,4.1486363,9.358061,12.979345,3.6131423,8.943824,13.180258
dataset/renders/render_1317.png,2.1677334,6.366682,11.253044,2.120965,6.363925,11.221275
dataset/renders/render_1525.png,3.3020403,8.746462,12.741299,3.3322804,8.808981,12.730495
dataset/renders/render_1194.png,1.5987657,6.009945,10.989317,1.5952415,5.9747024,10.940517
dataset/renders/render_1124.png,3.257711,7.7506576,11.744932,3.2938273,7.764792,11.744205
dataset/renders/render_2911.png,1.6933897,6.8680134,12.075717,2.3779278,7.1779904,12.064227
dataset/renders/render_2587.png,1.4012088,5.915791,11.297909,1.4495121,5.919495,11.28795
dataset/renders/render_2731.png,3.4738653,8.978171,13.685965,3.2799876,8.766479,13.454845
dataset/renders/render_4431.png,2.337983,8.1231575,13.105734,2.2740223,8.097436,13.107654
dataset/renders/render_1648.png,1.9966117,6.223625,11.001618,2.0054975,6.228496,10.979288
dataset/renders/render_1263.png,2.8299143,7.349767,11.777014,2.4767725,7.4009986,11.9225235
dataset/renders/render_2065.png,2.9851282,8.516987,13.382153,3.0050888,8.583192,13.383817
dataset/renders/render_3617.png,1.28508,5.2181435,10.308313,1.7033807,5.6037765,10.533905
dataset/renders/render_2115.png,1.4725256,5.9437146,11.2824745,1.5003642,5.9608216,11.299402
dataset/renders/render_3509.png,2.731925,7.6935053,12.793688,2.658225,8.034525,12.747758
dataset/renders/render_2767.png,3.8952575,9.263901,13.566211,3.9498718,9.220722,13.611973
dataset/renders/render_0679.png,4.0124707,8.975548,12.960737,4.0559154,8.999072,12.963705
dataset/renders/render_4619.png,2.6725209,8.59431,13.487632,2.6721275,8.591851,13.475789
dataset/renders/render_4496.png,2.3894935,8.567403,13.598742,2.4040515,8.551385,13.597325
dataset/renders/render_2133.png,2.17887,6.7502704,11.672184,2.2013743,6.751627,11.652725
dataset/renders/render_0597.png,3.9746306,9.085915,12.60972,4.039644,9.111028,12.561709
dataset/renders/render_2551.png,4.444984,9.180839,13.33122,4.4680057,9.170312,13.296576
dataset/renders/render_3183.png,2.8864107,7.737938,12.534132,3.1966856,7.958971,12.6836
dataset/renders/render_1239.png,3.9853783,8.706531,12.536442,4.008525,8.715884,12.504873
dataset/renders/render_3887.png,1.3375622,5.8191547,10.820007,1.4477271,5.866036,10.848366
dataset/renders/render_1347.png,2.8673959,7.938294,12.030818,3.1454523,7.8383546,11.867582
dataset/renders/render_4166.png,2.0864525,8.212581,13.504027,2.1470988,8.184632,13.478727
dataset/renders/render_4507.png,2.4300735,8.679253,13.620763,2.4129405,8.73288,13.638107
dataset/renders/render_0657.png,1.6934612,5.7103434,10.3067465,1.7724358,5.669539,10.2507
dataset/renders/render_0861.png,3.4374838,8.291208,12.110646,3.422807,8.317142,12.084145
dataset/renders/render_1574.png,1.4421967,5.737252,10.722463,1.4367107,5.7264795,10.699913
dataset/renders/render_0824.png,1.8237695,6.3823237,10.984116,2.3618422,6.554179,11.183445
dataset/renders/render_3593.png,1.6629303,6.068325,11.206033,1.7132994,6.101937,11.183649
dataset/renders/render_0614.png,2.38736,7.871834,12.077052,2.4621084,7.970963,12.052452
dataset/renders/render_2690.png,1.6471736,5.853237,10.991745,1.6808726,5.8621736,10.987072
dataset/renders/render_1729.png,1.8709526,6.6130524,10.990583,1.9812502,6.5460877,11.146627
dataset/renders/render_3345.png,3.473819,8.791603,13.566251,3.5126538,8.876964,13.523918
dataset/renders/render_4034.png,2.592266,7.4526753,12.517702,2.5921302,7.439765,12.561886
dataset/renders/render_1786.png,3.4802153,8.218996,12.405743,3.4962993,8.19716,12.389263
dataset/renders/render_1508.png,2.1005385,6.4152403,11.192838,2.0824475,6.468567,11.406395
dataset/renders/render_2189.png,1.9856888,6.3755,11.648652,2.0417597,6.378067,11.634864
dataset/renders/render_4633.png,2.3684406,8.302982,13.595049,2.3591654,8.370768,13.573784
dataset/renders/render_3921.png,2.914162,8.196896,12.882344,2.99331,8.2745495,12.874703
dataset/renders/render_0643.png,1.8939569,6.7442007,11.531545,1.9521953,6.7874045,11.5234375
dataset/renders/render_3017.png,2.9031248,7.3473063,12.386669,2.4951437,7.3934994,12.39884
dataset/renders/render_1226.png,2.4525034,7.358102,11.198385,2.4945118,7.363608,11.179833
dataset/renders/render_3788.png,2.0225537,6.2626786,11.275979,2.0009317,6.3257203,11.28343
dataset/renders/render_0279.png,4.6928463,8.968006,12.623307,4.1752343,8.976701,12.801033
dataset/renders/render_4504.png,2.3583477,8.406306,13.485986,2.353843,8.401205,13.506519
dataset/renders/render_0616.png,2.2378628,6.7727814,11.29068,2.26282,6.948438,11.33119
dataset/renders/render_2536.png,2.857284,7.600074,12.583434,2.9269774,7.6919675,12.5887785
dataset/renders/render_4627.png,2.523043,8.087745,13.409387,3.0135102,8.450711,13.164312
dataset/renders/render_1139.png,1.6815238,5.9485517,10.708381,1.6815708,5.9773517,10.679107
dataset/renders/render_0890.png,1.6942757,5.837109,10.480376,1.6173998,5.87754,10.426449
dataset/renders/render_3014.png,3.7409668,8.435115,12.834206,3.8372006,8.414283,12.831348
dataset/renders/render_4499.png,3.006242,8.970129,13.657861,3.039111,9.038969,13.642885
dataset/renders/render_2541.png,2.8313355,7.863765,12.377252,2.8299263,7.862167,12.341045
dataset/renders/render_0325.png,3.9354243,8.868255,12.731019,4.0313535,8.962722,12.785658
dataset/renders/render_3468.png,3.0731528,8.043465,12.891126,2.6630123,7.646992,12.883682
dataset/renders/render_2215.png,1.7522821,5.8084908,10.691718,1.8119336,5.81198,10.627074
dataset/renders/render_1840.png,2.5370083,7.111398,11.883976,2.539172,7.1293445,11.838551
dataset/renders/render_1725.png,3.427626,8.906137,12.575496,3.5054832,8.442252,12.69186
dataset/renders/render_3972.png,3.7737677,9.084294,13.322011,3.4203496,8.9627075,13.375734
dataset/renders/render_1321.png,1.6716113,5.581992,10.513021,1.6362069,5.9125943,10.195593
dataset/renders/render_3307.png,2.616962,7.2054486,12.05911,2.656633,7.2255254,12.000227
dataset/renders/render_2879.png,2.8963616,7.8709164,12.263105,3.0338547,7.875254,12.443365
dataset/renders/render_0468.png,2.2104654,5.9356456,11.0827875,2.300672,5.9420815,11.00329
dataset/renders/render_4601.png,2.7408648,8.467122,13.407847,2.753701,8.4653635,13.375467
dataset/renders/render_1400.png,1.4948812,6.276167,11.701504,1.5420382,6.425542,11.753408
dataset/renders/render_0868.png,3.4587443,8.642677,12.716023,3.4964454,8.624199,12.684126
dataset/renders/render_2039.png,3.0061316,8.173173,13.032133,2.9807925,8.193292,12.971348
dataset/renders/render_0612.png,3.3287783,8.007813,12.308635,3.2997003,7.990888,12.257149
dataset/renders/render_3579.png,3.1770387,8.453352,13.15319,3.2668684,8.499843,13.116592
dataset/renders/render_1943.png,2.3818986,7.00442,11.529727,2.39141,7.0249147,11.539345
dataset/renders/render_4018.png,3.1823165,8.698528,13.548798,3.6011722,8.793744,13.287265
dataset/renders/render_2845.png,1.4844731,5.613036,10.372325,1.5798982,5.6155868,10.315007
dataset/renders/render_2592.png,3.6093159,8.9447,13.214373,3.7055094,8.962403,13.304619
dataset/renders/render_1679.png,1.2754604,5.8016224,10.495935,1.3158668,5.8165746,10.449995
dataset/renders/render_1873.png,1.1496938,5.438997,9.579814,1.3780547,5.1734347,9.896181
dataset/renders/render_1686.png,1.8232524,6.2484465,11.135766,1.8148137,6.256579,11.11672
dataset/renders/render_3585.png,2.2751849,6.9319925,12.099161,2.2988875,6.9916244,12.076715
dataset/renders/render_2323.png,1.8408886,6.3857827,11.466649,1.8640364,6.4398146,11.486747
dataset/renders/render_4075.png,1.2082387,5.1023507,9.660643,1.2801203,5.119246,9.56332
dataset/renders/render_0451.png,2.499115,6.9058676,11.786011,2.5804136,6.9332314,11.816953
dataset/renders/render_1323.png,1.9174124,6.726481,11.584085,1.9199524,6.7511888,11.596962
dataset/renders/render_4234.png,3.3626814,9.214931,13.799905,3.8987243,9.490036,13.735462
dataset/renders/render_2443.png,4.034155,8.5799675,12.972117,4.1413455,8.723767,12.936825
dataset/renders/render_3884.png,2.8012626,8.226157,13.052884,3.2394335,8.550865,13.118078
dataset/renders/render_4353.png,3.2018714,9.0612135,13.767455,3.179304,9.119439,13.735673
dataset/renders/render_1547.png,1.626132,5.18198,9.333269,1.3056763,5.151736,9.775803
dataset/renders/render_3184.png,4.2663493,8.924754,13.192794,4.2479167,8.997919,13.193511
dataset/renders/render_0200.png,2.2937741,6.2055707,11.310488,2.2470887,6.25684,11.28283
dataset/renders/render_3469.png,3.0735815,8.268167,12.962142,3.1123219,8.267736,12.951852
dataset/renders/render_2717.png,3.0096865,7.7249436,12.613651,3.0309398,7.7223945,12.649156
dataset/renders/render_0979.png,3.4249215,8.061166,12.5409975,3.5000665,8.073412,12.512394
dataset/renders/render_1570.png,1.9194951,7.4718275,12.06722,1.9336612,7.4563174,12.046712
dataset/renders/render_2188.png,2.7431216,8.214016,12.955747,3.384625,8.329174,12.814715
dataset/renders/render_1849.png,3.7856977,8.774675,12.886967,3.8045614,8.677705,12.745792
dataset/renders/render_1348.png,1.5891193,5.773854,10.459732,1.6159949,5.7868333,10.437942
dataset/renders/render_3266.png,3.177945,8.54989,12.927168,3.235407,8.596192,12.938194
dataset/renders/render_1761.png,1.9656279,6.2691007,10.792218,1.9608308,6.2878876,10.761261
dataset/renders/render_3609.png,3.5951653,8.371827,12.858604,3.6104906,8.35513,12.8117895
dataset/renders/render_0970.png,1.6886472,5.942762,10.398114,1.7116306,5.8075852,10.624518
dataset/renders/render_2977.png,1.9705063,6.7147756,11.632785,1.921428,6.7337184,11.628004
dataset/renders/render_1818.png,2.7567391,8.146935,12.566675,2.7676024,8.159465,12.583412
dataset/renders/render_2781.png,2.8821883,8.269682,13.039565,2.6875427,8.332625,13.022199
dataset/renders/render_0713.png,2.6989996,8.3743,12.706606,2.7117856,8.379088,12.656797
dataset/renders/render_1455.png,2.3296633,7.946514,12.211425,2.3246098,8.026764,12.214903
dataset/renders/render_3641.png,3.4597087,8.375631,13.058508,3.4825742,8.395089,12.980175
dataset/renders/render_1466.png,3.2469018,7.9540906,12.324956,3.2132206,7.9512644,12.315343
dataset/renders/render_1103.png,1.3260481,5.1806555,10.372921,1.4377239,5.3978024,10.213963
dataset/renders/render_1015.png,1.4522363,6.1656284,10.871095,2.1615152,6.5890636,11.100187
dataset/renders/render_1044.png,2.5442617,7.8796263,11.860959,2.563451,7.8410025,11.810263
dataset/renders/render_2266.png,2.703964,7.5944757,12.182955,2.74016,7.613144,12.226647
dataset/renders/render_1196.png,2.430582,7.817965,12.407951,2.497318,7.8948426,12.322081
dataset/renders/render_1162.png,2.7490697,6.7891264,11.259404,2.463887,7.0016427,11.29226
dataset/renders/render_2883.png,3.228106,8.148879,13.002466,3.2305286,8.158879,13.015659
dataset/renders/render_0070.png,1.3717642,5.145518,10.6156,1.5159506,5.315701,10.003563
dataset/renders/render_3348.png,2.1278558,6.564341,11.353826,2.1625612,6.6114335,11.366854
dataset/renders/render_3878.png,1.4784715,5.55024,10.808359,1.5086173,5.5931315,10.748129
dataset/renders/render_0913.png,1.5343935,5.0533214,9.658837,1.5542705,5.01992,9.568115
dataset/renders/render_0231.png,1.0963317,5.0617633,10.285013,1.5685707,5.7105412,10.5795
dataset/renders/render_0369.png,1.960931,5.583792,10.135176,2.0261953,5.5350757,10.019199
dataset/renders/render_2292.png,1.3917373,5.4411793,10.256199,1.392491,5.4768133,10.221672
dataset/renders/render_4542.png,2.1436813,8.038987,13.472899,2.682594,8.332922,13.374944
dataset/renders/render_0538.png,1.4278448,6.033988,10.774679,1.7987617,6.2511744,10.79096
dataset/renders/render_3206.png,1.7063396,5.6881986,10.277517,1.7057511,5.726374,10.256978
dataset/renders/render_4161.png,2.8818662,9.015965,13.6297035,2.912456,9.027696,13.622515
dataset/renders/render_1224.png,2.271301,6.8403916,11.520395,2.210773,6.847674,11.709625
dataset/renders/render_3719.png,4.0190735,8.773455,13.500078,4.0439477,8.825743,13.360906
dataset/renders/render_1537.png,1.4623284,5.8359027,11.029239,1.4803333,5.836984,10.996805
dataset/renders/render_0298.png,1.722921,5.6964293,10.5559025,1.7510103,5.710832,10.510046
dataset/renders/render_0808.png,2.1581173,7.5251117,11.981422,2.1864645,7.5723395,11.99708
dataset/renders/render_4422.png,2.8030498,8.580731,13.638541,2.784775,8.631622,13.67007
dataset/renders/render_0782.png,1.587342,5.5836387,11.042337,1.6405921,5.5897446,10.987038
dataset/renders/render_3599.png,1.894901,6.3491445,10.930831,2.0024908,6.392018,10.943531
dataset/renders/render_2528.png,3.9256227,8.578597,13.14542,3.917689,8.666043,13.129589
dataset/renders/render_0443.png,1.5829874,5.4528093,10.758691,1.6399709,5.42882,10.76589
dataset/renders/render_0840.png,1.9983413,5.6985264,10.907565,2.0345986,5.7285433,10.872165
dataset/renders/render_1253.png,4.137459,8.994321,12.73809,4.249413,9.052894,12.760392
dataset/renders/render_4543.png,3.3809924,9.203842,13.512852,3.3672144,9.1781,13.556323
dataset/renders/render_0196.png,1.7170585,6.00497,11.364682,1.9195877,6.0817018,11.171384
dataset/renders/render_2061.png,2.0710747,7.4959154,12.549021,2.8808682,8.020281,12.924059
dataset/renders/render_2278.png,1.5118005,5.935168,11.10818,1.5653671,5.9414887,11.075743
dataset/renders/render_0228.png,2.6647592,7.0328045,11.614426,2.6906655,7.056025,11.595467
dataset/renders/render_3716.png,3.1150734,7.790725,12.888495,3.1158593,7.787257,12.797916
dataset/renders/render_4093.png,3.276007,8.462041,13.027624,2.9271698,8.156047,13.015439
dataset/renders/render_1046.png,4.288995,8.704576,12.659937,4.3344216,8.724515,12.597735
dataset/renders/render_2296.png,1.8529526,6.7927527,11.901803,1.9283572,6.8554177,11.84275
dataset/renders/render_2196.png,1.3087281,5.365274,10.546836,1.3192459,5.3598113,10.510727
dataset/renders/render_4044.png,1.5571959,5.7368536,10.671606,1.5465978,5.761945,10.599601
dataset/renders/render_3321.png,3.7874308,8.547314,13.151275,3.8145616,8.583245,13.164471
dataset/renders/render_1256.png,4.7240214,9.262471,12.996528,4.7431817,9.318469,12.9523115
dataset/renders/render_3277.png,1.7957596,6.1317153,11.334867,1.8465747,6.1378946,11.347953
dataset/renders/render_0212.png,1.5971708,5.542733,10.412967,1.5643818,5.549161,10.358574
dataset/renders/render_3948.png,4.4383893,9.314517,13.3598995,4.4814277,9.344448,13.400196
dataset/renders/render_1483.png,2.3038604,6.997252,11.972469,2.372804,6.9649243,11.992068
dataset/renders/render_1235.png,3.3878975,7.4286923,12.255039,3.4449368,7.4682364,12.217974
dataset/renders/render_3122.png,4.2351084,9.146511,13.360367,4.3894777,9.210383,13.436169
dataset/renders/render_0617.png,3.0467112,8.105036,12.278376,3.0549672,8.175692,12.243891
dataset/renders/render_3067.png,1.9486483,6.6223874,11.965981,1.9648365,6.645652,11.98506
dataset/renders/render_3350.png,1.7361846,6.407468,12.007035,1.7444223,6.4428363,11.991625
dataset/renders/render_0440.png,1.4815425,5.392715,10.909324,1.4219905,5.3780894,10.561756
dataset/renders/render_3256.png,3.0239184,8.136402,12.80573,3.0397396,8.159656,12.847029
dataset/renders/render_1677.png,2.3290448,6.9591756,11.59707,2.3668091,6.9611173,11.588406
dataset/renders/render_3164.png,1.4356908,5.2430305,10.307642,1.4017578,5.3193984,10.305567
dataset/renders/render_3910.png,4.195512,9.445252,13.612164,4.2525334,9.597311,13.596693
dataset/renders/render_4581.png,3.1031504,9.025212,13.760735,3.0636654,9.045217,13.78517
dataset/renders/render_1028.png,1.6388577,5.260008,10.227963,1.6796747,5.297337,10.19294
dataset/renders/render_0603.png,3.082623,7.296611,11.080896,3.1889212,7.348057,11.069167
dataset/renders/render_0043.png,1.7935942,5.642577,10.213391,1.8312937,5.6549096,10.17363
dataset/renders/render_0525.png,3.391821,8.3956785,12.236969,3.4832494,8.345681,12.186367
dataset/renders/render_3311.png,4.4574294,9.516767,13.681196,4.4868283,9.596881,13.641642
dataset/renders/render_3828.png,2.590959,7.452934,12.085208,2.5970352,7.4996095,12.04336
dataset/renders/render_2267.png,1.436487,5.2802744,9.8722,1.4592235,5.2741637,9.860769
dataset/renders/render_1469.png,3.4691687,8.327364,12.564278,3.5704715,8.328105,12.537188
dataset/renders/render_1053.png,1.8965608,6.2766886,11.41891,1.889033,6.3273573,11.398552
dataset/renders/render_3646.png,3.5976233,8.710171,13.16037,3.6031501,8.790241,13.169205
dataset/renders/render_1540.png,1.5080701,5.332223,10.332242,1.4712474,5.3424153,10.2936125
dataset/renders/render_0137.png,4.19572,8.67467,12.811703,4.2560277,8.740058,12.794106
dataset/renders/render_2957.png,2.7981212,7.7926464,12.642258,2.8380592,7.846124,12.642796
dataset/renders/render_0112.png,1.5736805,5.603338,10.572058,1.5874623,5.548699,10.5431385
dataset/renders/render_2233.png,2.103266,6.602777,11.596524,2.1077397,6.6286063,11.538584
dataset/renders/render_1931.png,3.127565,8.1976595,12.167663,3.1503077,8.235808,12.075372
dataset/renders/render_1451.png,2.3115132,7.380784,11.723124,2.4044392,7.413836,11.644016
dataset/renders/render_4283.png,2.6472797,8.715989,13.556454,2.6612191,8.790513,13.584278
dataset/renders/render_1813.png,2.9614198,8.231207,12.496632,2.9760582,8.229596,12.472091
dataset/renders/render_4192.png,3.1769845,8.614639,13.598458,3.0574517,8.622211,13.564771
dataset/renders/render_2059.png,2.3123891,7.7248154,12.922457,2.3570907,7.686483,12.953936
dataset/renders/render_4519.png,1.9474176,7.4810667,13.201577,1.9651575,7.591206,13.1727495
dataset/renders/render_0171.png,1.9693333,5.3836665,10.0516205,1.989085,5.436838,10.005533
dataset/renders/render_4525.png,2.259953,7.9678535,13.181904,2.2922914,7.964943,13.179659
dataset/renders/render_0158.png,1.4658018,5.1095896,9.592515,1.4873242,5.2081513,9.58836
dataset/renders/render_0899.png,1.6946743,5.122183,10.099971,1.7478353,5.222589,9.986488
dataset/renders/render_3382.png,3.31662,8.556717,13.062019,3.3523984,8.516979,13.088329
dataset/renders/render_3555.png,3.6424286,8.320896,12.755573,3.6124802,8.42171,12.763504
dataset/renders/render_3476.png,1.5395367,5.9247746,11.326489,1.5414933,5.9467635,11.304136
dataset/renders/render_4503.png,2.4749475,8.447135,13.372011,2.7628245,8.473311,13.231437
dataset/renders/render_0295.png,1.6762217,6.452077,11.447594,1.6992704,6.405652,11.4203
dataset/renders/render_1379.png,3.61389,8.115619,11.970488,3.6564744,8.197328,11.93564
dataset/renders/render_0098.png,0.9124543,5.595473,11.145753,1.8269005,5.743674,10.992319
dataset/renders/render_2027.png,1.8760834,7.1095,12.500612,1.8146278,7.152214,12.497893
dataset/renders/render_3687.png,3.9717867,8.75392,12.846764,4.001127,8.747859,12.893889
dataset/renders/render_0512.png,3.01765,7.4329615,12.078916,2.9612536,7.75503,11.912218
dataset/renders/render_4561.png,3.1362085,8.863317,13.553368,3.1151788,8.870339,13.530886
dataset/renders/render_3055.png,4.0950675,8.7643385,12.787212,3.271992,8.617011,13.227384
dataset/renders/render_0961.png,2.3248062,6.9960833,11.694968,2.305768,7.019327,11.6121435
dataset/renders/render_2826.png,1.477157,5.3136964,10.513855,1.4633921,5.3129244,10.396298
dataset/renders/render_2728.png,2.1379368,7.1492677,12.522267,2.1589746,7.205888,12.514532
dataset/renders/render_3109.png,3.150804,8.237804,12.904457,3.205825,8.202031,12.859798
dataset/renders/render_2721.png,1.4784737,5.1575327,9.956801,1.4193295,4.8023887,9.746283
dataset/renders/render_0124.png,4.0167723,8.767611,12.745358,4.0275035,8.755072,12.700978
dataset/renders/render_0727.png,1.7780677,6.1079307,11.175684,1.8429134,6.114368,11.096806
dataset/renders/render_3499.png,3.490289,9.069809,13.541341,3.450291,9.062939,13.471893
dataset/renders/render_1700.png,2.7375715,7.592167,12.257166,2.7455833,7.693895,12.245927
dataset/renders/render_2633.png,1.3657917,5.644567,10.709556,1.4609195,5.6229014,10.679211
dataset/renders/render_0457.png,1.3928691,5.8140345,10.780108,1.4060193,5.837806,10.780916
dataset/renders/render_4146.png,2.4634004,8.33002,13.488932,2.5009706,8.333719,13.476658
dataset/renders/render_1720.png,2.034435,6.414898,10.949681,2.085697,6.4313645,10.939771
dataset/renders/render_4620.png,2.9157083,9.004843,13.736523,2.885793,9.028514,13.695522
dataset/renders/render_2262.png,2.0065832,6.7231636,12.354571,2.0446398,6.717801,12.310983
dataset/renders/render_4002.png,1.8563218,6.3072443,10.967145,1.8942238,6.3729415,10.96184
dataset/renders/render_2093.png,1.7049607,5.3855,10.154274,1.664991,5.4620337,10.162269
dataset/renders/render_4514.png,2.7246032,8.443219,13.554443,2.7514503,8.538468,13.531881
dataset/renders/render_3197.png,1.4182365,6.0670547,11.179098,1.5170978,6.093847,11.20462
dataset/renders/render_3356.png,2.214696,6.745518,10.982085,2.3051763,6.7056413,10.999238
dataset/renders/render_1911.png,1.656796,6.301517,10.92475,1.7117916,6.343469,10.887714
dataset/renders/render_1807.png,2.7186236,7.0239797,12.093121,2.7779827,7.0263176,12.060587
dataset/renders/render_1093.png,4.635823,8.410801,12.301587,4.039555,8.535445,12.288273
dataset/renders/render_4462.png,2.2462497,8.000574,13.371566,2.2570066,8.001651,13.38543
dataset/renders/render_3545.png,2.3055549,6.523513,11.173783,2.364421,6.551417,11.142244
dataset/renders/render_2246.png,3.6602905,8.04856,12.376494,3.72602,8.110797,12.388763
dataset/renders/render_1133.png,4.264961,8.396442,12.473009,3.8425586,8.479145,12.340743
dataset/renders/render_4266.png,2.7125585,8.154697,13.511936,2.878219,8.485158,13.124293
dataset/renders/render_1268.png,2.1838474,7.888863,12.179023,3.2832582,7.9665527,12.301487
dataset/renders/render_3366.png,3.0807245,8.032846,13.026443,3.1838048,8.03008,13.031452
dataset/renders/render_3447.png,2.2373457,6.671353,12.222158,2.2478426,6.6980586,12.229197
dataset/renders/render_2131.png,2.827246,7.9369,12.856945,2.7269404,7.8194776,12.756624
dataset/renders/render_0504.png,2.5475907,6.9070134,11.553339,2.5668342,6.9242306,11.527297
dataset/renders/render_1532.png,2.890687,8.203661,12.158129,2.9140851,8.227886,12.099326
dataset/renders/render_1137.png,1.8577234,5.801506,10.654247,1.9594275,5.8978057,10.646395
dataset/renders/render_1482.png,2.519797,7.2965293,11.729431,2.544761,7.267943,11.635763
dataset/renders/render_2889.png,2.7774913,8.001754,12.876711,2.7736678,8.042529,12.862268
dataset/renders/render_0983.png,4.852166,9.707129,13.004587,4.4497313,9.266509,12.858136
dataset/renders/render_1070.png,1.6977504,6.3152432,10.6610985,1.680832,6.266169,10.578314
dataset/renders/render_3290.png,2.8453228,7.87447,12.719955,2.8287675,7.9286466,12.74793
dataset/renders/render_1197.png,4.23229,9.377403,12.83446,4.309793,9.358296,12.796568
dataset/renders/render_1287.png,3.3581052,8.268469,12.363541,3.3930476,8.282241,12.323795
dataset/renders/render_1569.png,2.2083976,6.1975346,11.00672,1.8380893,6.0160184,11.020607
dataset/renders/render_3422.png,3.2799037,8.79868,13.562866,3.272814,8.792691,13.530617
dataset/renders/render_3166.png,2.3179557,6.855476,12.363671,2.357287,6.8876967,12.328066
dataset/renders/render_2395.png,1.6208762,6.596357,11.811401,1.6795224,6.5457487,11.836782
dataset/renders/render_1535.png,1.9097656,6.0465646,10.6540165,1.9020802,5.958006,10.540558
dataset/renders/render_0016.png,1.8265078,6.1909323,11.461488,1.8655261,6.2132163,11.453136
dataset/renders/render_0042.png,3.4219415,8.406512,12.638839,3.4841654,8.403806,12.584466
dataset/renders/render_2462.png,1.3846314,5.5262804,10.635719,1.4347826,5.4852977,10.592985
dataset/renders/render_4445.png,2.4157274,8.760382,13.558872,2.414963,8.7413225,13.561096
dataset/renders/render_1666.png,1.6783861,6.260779,11.156666,1.7067462,6.251486,11.167095
dataset/renders/render_2692.png,1.1616011,4.954495,10.103946,1.4034889,5.089635,10.475111
dataset/renders/render_1291.png,2.516843,7.2237825,12.267232,2.5444694,7.266578,12.226076
dataset/renders/render_1875.png,1.5382369,5.736793,10.216516,1.5969921,5.817774,10.198391
dataset/renders/render_4249.png,3.301852,8.796034,13.572113,3.2978747,8.881251,13.605867
dataset/renders/render_3520.png,3.55007,8.294679,12.852452,3.1066968,8.039148,12.649954
dataset/renders/render_3627.png,1.9502926,6.668868,11.706725,1.972094,6.645412,11.680666
dataset/renders/render_0589.png,2.1750484,5.9654083,11.542494,2.2106192,6.021758,11.548523
dataset/renders/render_4361.png,2.6065266,8.292303,13.34426,2.5571072,8.254601,13.320734
dataset/renders/render_1970.png,3.8645291,8.604034,12.934612,3.9060133,8.619988,12.895675
dataset/renders/render_4528.png,3.5374832,8.82484,13.577935,3.507982,8.801818,13.540599
dataset/renders/render_3026.png,2.2509782,7.021608,12.3227215,2.2549067,6.983732,12.304472
dataset/renders/render_0506.png,1.2754008,4.970608,9.616782,1.3287922,4.972811,9.572308
dataset/renders/render_1792.png,2.0993984,6.7294545,11.333608,2.0682209,6.75904,11.318558
dataset/renders/render_1558.png,2.3273594,7.306152,11.9566965,2.3182123,7.2689614,11.937307
dataset/renders/render_3976.png,1.8442713,5.8606124,10.681837,1.8711808,5.8729815,10.654207
dataset/renders/render_2797.png,3.261293,7.80363,12.416425,3.3093655,7.8554673,12.400707
dataset/renders/render_3239.png,2.9580352,8.166562,12.48679,2.987367,8.113406,12.494616
dataset/renders/render_2334.png,2.0121295,6.4946237,11.302074,2.0176816,6.4698396,11.315837
dataset/renders/render_4527.png,2.0058055,7.9516335,13.219949,3.0859668,8.490642,13.241835
dataset/renders/render_4211.png,2.8005857,8.072259,13.372494,2.9864273,8.595454,13.133428
dataset/renders/render_1301.png,3.8031645,8.829255,12.771054,3.9597995,8.769001,12.5263
dataset/renders/render_3218.png,1.2921231,5.5077076,10.63302,1.3016387,5.551063,10.641441
dataset/renders/render_4225.png,2.5545897,8.400104,13.7091465,2.5119965,8.455007,13.676801
dataset/renders/render_3997.png,1.8805925,6.2683525,11.019761,1.913629,6.2355204,10.985198
dataset/renders/render_3701.png,3.1515722,8.436754,12.893981,3.1746473,8.446973,12.908371
dataset/renders/render_0094.png,3.4816034,8.877945,12.837441,3.5702674,8.914482,12.812756
dataset/renders/render_1539.png,2.824478,7.20494,11.203742,2.4631002,7.0187573,11.157262
dataset/renders/render_3420.png,2.1648076,6.8695097,11.731993,2.2043397,6.9089212,11.741319
dataset/renders/render_0177.png,2.5877051,7.8064747,12.457083,2.5524566,7.844021,12.432354
dataset/renders/render_0381.png,4.198861,8.631366,12.54065,4.279041,8.712424,12.543459
dataset/renders/render_1533.png,1.6673319,6.204042,11.251163,1.6772009,6.193008,11.17995
dataset/renders/render_4393.png,2.6280742,8.807899,13.388919,2.5852296,8.833478,13.427986
dataset/renders/render_0528.png,3.0985808,7.772519,12.373779,3.1055458,7.841561,12.288134
dataset/renders/render_3971.png,4.1838846,8.912915,13.047307,4.1536694,8.876033,13.021551
dataset/renders/render_4339.png,3.6779485,9.755923,13.733994,3.735191,9.7399,13.710157
dataset/renders/render_4173.png,2.99484,9.138476,13.554266,3.9914396,9.452199,13.614078
dataset/renders/render_0315.png,3.9195764,7.648828,12.028447,3.4944186,7.880534,11.945231
dataset/renders/render_0079.png,1.7084267,6.2614107,10.788693,2.2519484,6.4870543,10.860561
dataset/renders/render_0454.png,3.158894,7.5843935,12.008758,3.1471145,7.6409993,11.975852
dataset/renders/render_1387.png,1.3593413,5.4265437,10.395258,1.3444031,5.4775777,10.320843
dataset/renders/render_3557.png,2.3271892,6.8798685,11.651329,2.3286023,6.848169,11.621276
dataset/renders/render_1409.png,3.3757882,7.9966106,12.720064,3.4787195,7.956005,12.718419
dataset/renders/render_0698.png,3.4429429,8.081358,12.394443,3.4540684,8.065245,12.352669
dataset/renders/render_0641.png,1.530735,5.5406876,10.807188,1.6363211,5.8716426,10.981408
dataset/renders/render_0316.png,2.6986291,7.3750544,11.755196,2.7389374,7.340716,11.718492
dataset/renders/render_4659.png,3.1046169,8.987508,13.742105,3.1500466,9.033492,13.738991
dataset/renders/render_0234.png,1.9430399,5.7712045,10.245443,1.9264542,5.7911983,10.224201
dataset/renders/render_3926.png,3.5130074,8.43456,12.907854,3.48179,8.408825,12.817126
dataset/renders/render_2882.png,1.3929036,5.2752104,10.099123,1.5343064,5.3727403,10.232764
dataset/renders/render_3960.png,1.7370108,5.678637,10.559581,1.7379736,5.6753163,10.531517
dataset/renders/render_3219.png,3.670226,8.92718,13.562393,3.677683,8.981029,13.526522
dataset/renders/render_4381.png,2.039314,7.841575,13.109997,2.4559734,7.838724,13.193289
dataset/renders/render_3101.png,1.8417128,6.557933,11.67109,1.92084,6.5706663,11.6445265
dataset/renders/render_2495.png,1.8278896,7.4743934,12.461395,2.0193443,7.5552225,12.515102
dataset/renders/render_2385.png,2.0634432,6.8179426,12.062945,2.112026,6.8284807,12.022037
dataset/renders/render_0483.png,3.6913638,8.502389,12.3292885,3.7047503,8.580955,12.344774
dataset/renders/render_1335.png,3.400203,8.9938545,13.013598,3.4202662,8.975208,12.998144
dataset/renders/render_2546.png,2.8684561,7.8995495,12.391596,3.3632014,7.989336,12.526527
dataset/renders/render_1922.png,2.743807,7.6152644,11.916803,2.8806686,7.598619,11.871864
dataset/renders/render_3540.png,2.5100105,7.2055883,12.464547,2.5505283,7.2479477,12.472782
dataset/renders/render_4663.png,2.3907716,8.344204,13.396496,2.375467,8.300968,13.348036
dataset/renders/render_3409.png,2.0897381,6.7176843,11.497924,2.0874457,6.6952863,11.482428
dataset/renders/render_2411.png,1.4468074,5.2873096,10.470616,1.409134,5.450501,10.215866
dataset/renders/render_1495.png,1.8890928,6.387582,10.75318,1.9582742,6.418285,10.672019
dataset/renders/render_0619.png,2.6459959,7.841407,12.256738,2.7118409,7.848122,12.187386
dataset/renders/render_3837.png,2.3653557,6.59045,11.92367,2.223509,6.6352534,11.720323
dataset/renders/render_1643.png,1.6139709,5.44095,9.975169,1.6698384,5.4731774,9.898947
dataset/renders/render_1523.png,3.8056593,8.537541,12.669582,3.9200678,8.650372,12.699982
dataset/renders/render_0723.png,2.1536095,7.069359,11.90017,2.6181614,7.488067,11.80308
dataset/renders/render_0205.png,3.2382455,8.080225,12.272527,2.9844253,8.031321,12.283302
dataset/renders/render_4656.png,3.206836,9.08435,13.731974,3.1749213,9.104274,13.712051
dataset/renders/render_3775.png,3.4920075,8.269292,12.978645,3.5286195,8.309918,12.930103
dataset/renders/render_2369.png,4.8039947,9.116316,13.242109,4.7853007,9.15506,13.241011
dataset/renders/render_1763.png,2.9399912,8.127459,12.524923,2.6902053,7.8588676,12.474454
dataset/renders/render_3329.png,3.9543967,8.80388,13.338694,3.557521,8.596189,13.209
dataset/renders/render_0133.png,3.4307318,8.080237,11.880314,3.42109,8.117906,11.834459
dataset/renders/render_4230.png,2.7420456,8.850808,13.542204,2.8738303,8.629742,13.319869
dataset/renders/render_3883.png,2.3435516,6.500282,11.346254,1.9395893,6.3632045,11.137024
dataset/renders/render_1710.png,3.3542316,8.884104,12.662104,3.3810093,8.857022,12.609138
dataset/renders/render_0858.png,1.1187667,5.111603,9.649103,1.1268761,5.09139,9.515175
dataset/renders/render_0587.png,2.034977,6.486468,11.6627655,2.054969,6.452563,11.624378
dataset/renders/render_3207.png,2.6037846,7.0506525,11.949299,2.681619,7.022206,11.925463
dataset/renders/render_1889.png,2.2725585,6.479625,11.212774,2.328605,6.589837,11.188357
dataset/renders/render_1552.png,3.8166888,8.751015,12.480842,3.6753213,8.445749,12.39638
dataset/renders/render_4315.png,2.6227226,8.258532,13.360726,2.5976384,8.266177,13.348289
dataset/renders/render_2830.png,3.5174513,8.487359,12.802989,3.0163205,8.135818,13.013573
dataset/renders/render_0175.png,3.4495473,8.217598,12.246141,3.4816592,8.218562,12.148558
dataset/renders/render_1857.png,3.7455525,9.07171,12.739516,4.0027657,8.975169,12.90691
dataset/renders/render_0156.png,2.27339,6.8463507,11.612574,2.5213034,7.019523,11.581832
dataset/renders/render_3205.png,2.5939903,7.3376746,11.989677,2.614083,7.3658805,11.918249
dataset/renders/render_4133.png,3.1289897,8.674541,13.581579,3.1748574,8.717589,13.490332
dataset/renders/render_1448.png,2.6971002,7.884449,11.877092,2.6622062,7.8541293,11.838163
dataset/renders/render_1993.png,4.377529,8.794203,12.377531,3.711888,8.712439,12.440913
dataset/renders/render_4197.png,2.846993,8.681257,13.53497,2.8151398,8.72606,13.509493
dataset/renders/render_1990.png,3.6596744,8.036374,12.3001375,3.459887,8.194095,12.173842
dataset/renders/render_4123.png,2.4224653,8.384596,13.686848,2.7693217,8.886912,13.678024
dataset/renders/render_4066.png,1.3984143,5.610637,10.729222,1.4392649,5.583777,10.649963
dataset/renders/render_4072.png,1.308293,5.10243,10.124816,1.3172318,5.1735415,10.290922
dataset/renders/render_2113.png,1.8963039,6.208058,11.073877,1.8216649,6.1726847,11.054827
dataset/renders/render_4406.png,2.1400077,8.298794,13.3536,2.1713088,8.281362,13.306431
dataset/renders/render_2543.png,1.7775975,6.057012,11.153012,1.8270069,6.090998,11.127925
dataset/renders/render_3100.png,2.6075518,7.360352,11.874853,2.6078088,7.3221602,11.84004
dataset/renders/render_1876.png,1.9317225,6.188,11.496343,1.9933639,6.199034,11.488276
dataset/renders/render_1816.png,4.004872,9.125802,13.142654,4.061277,9.099498,13.170946
dataset/renders/render_2136.png,1.6258513,6.0123696,11.320057,1.5994717,6.0543094,11.266659
dataset/renders/render_2755.png,1.5463557,5.8309402,11.441341,1.5615797,5.884852,11.447258
dataset/renders/render_1159.png,1.0972354,5.2213736,9.130324,1.2051026,5.211512,9.166224
dataset/renders/render_3707.png,1.3016869,5.478813,10.423339,1.341865,5.471317,10.344751
dataset/renders/render_2913.png,1.2790759,5.482112,11.258862,1.3558811,5.564163,11.26068
dataset/renders/render_1506.png,1.849904,6.0869493,10.666422,1.8608816,6.001415,10.65599
dataset/renders/render_2948.png,3.8886228,8.731327,13.142624,3.936162,8.779225,13.09492
dataset/renders/render_1549.png,1.529299,6.297645,11.266109,1.9175514,6.47793,11.486165
dataset/renders/render_1155.png,1.5761817,5.334799,10.2487755,1.5312763,5.345209,10.253668
dataset/renders/render_3703.png,3.7936184,8.592634,13.0130005,3.7966173,8.630631,13.006059
dataset/renders/render_1578.png,3.6898057,8.507733,12.713313,3.691732,8.487668,12.7359705
dataset/renders/render_0056.png,3.0649424,8.245159,12.492171,3.0359294,8.2156,12.434377
dataset/renders/render_0379.png,1.7431476,6.0591216,11.239488,1.7628102,6.1260505,11.25556
dataset/renders/render_0706.png,2.8526604,7.548679,12.205871,2.8674245,7.5603995,12.212481
dataset/renders/render_2789.png,3.7741346,9.421891,13.439761,3.8442097,9.444279,13.476017
dataset/renders/render_2881.png,1.461528,5.5314345,10.588098,1.5507711,5.5216165,10.686143
dataset/renders/render_3802.png,1.5269022,5.530324,10.96482,1.4718264,5.7195473,10.821674
dataset/renders/render_1240.png,4.0153866,8.679063,12.351671,4.0368958,8.681791,12.333268
dataset/renders/render_1392.png,1.8360021,6.158733,10.613838,1.8208574,6.1891646,10.540002
dataset/renders/render_0705.png,1.7086833,6.1573906,10.192124,2.2236755,6.489784,10.738544
dataset/renders/render_2681.png,3.827451,8.924981,13.234748,3.8971918,8.961324,13.204988
dataset/renders/render_0067.png,1.8178852,6.6734824,11.106436,2.0788286,6.5795355,11.20374
dataset/renders/render_0048.png,1.8582054,6.431456,11.58031,1.8612875,6.496925,11.571949
dataset/renders/render_0072.png,2.651552,7.541267,12.284869,2.6532104,7.510137,12.228554
dataset/renders/render_1739.png,3.2917626,7.3414063,11.790668,3.4233358,7.4200664,11.773388
dataset/renders/render_4364.png,2.7694287,9.37432,13.872755,2.7929122,9.388028,13.882244
dataset/renders/render_0226.png,3.3878274,8.366349,12.413949,3.3855462,8.355221,12.367723
dataset/renders/render_3387.png,1.4053923,5.29313,10.29904,1.4142495,5.3142257,10.36701
dataset/renders/render_2823.png,2.2122626,6.5002966,11.086475,2.2743216,6.504887,11.11469
dataset/renders/render_4272.png,2.4503648,8.456356,13.698286,3.2772143,8.836286,13.177223
dataset/renders/render_2749.png,1.5529035,5.6679044,11.143786,1.5213192,5.701856,11.118553
dataset/renders/render_4122.png,2.5824873,8.545841,13.530546,2.5604894,8.523394,13.565913
dataset/renders/render_2998.png,3.4273825,7.910331,12.6570425,2.8026822,7.649011,12.477162
dataset/renders/render_4096.png,2.582988,9.220731,13.728432,2.7072575,9.124016,13.693222
dataset/renders/render_2533.png,1.4291592,5.7144427,10.864883,1.6080638,5.855268,10.924479
